mean_fit_time,mean_score_time,mean_test_score,param_class_weight,param_coef0,param_degree,param_gamma,params,rank_test_score,split0_test_score,split1_test_score,split2_test_score,split3_test_score,split4_test_score,split5_test_score,split6_test_score,split7_test_score,split8_test_score,split9_test_score,std_fit_time,std_score_time,std_test_score
0.0,0.0,0.1810958622527351,balanced,0,1,0.1,"{'gamma': 0.1, 'coef0': 0, 'class_weight': 'balanced', 'degree': 1}",144,0.6172133998483675,0.22537446792760427,0.22537446792760427,0.0975900072948533,0.2,-0.1195228609334394,0.17407765595569785,-0.25819888974716115,0.15811388300841897,0.4472135954999579,0.0,0.0,0.2363078815296692
0.0,0.0,0.26708690902101145,balanced,0,1,1,"{'gamma': 1, 'coef0': 0, 'class_weight': 'balanced', 'degree': 1}",67,0.41475753100312657,0.28288947493050187,0.5476190476190476,0.23904572186687864,0.0,0.25000000000000006,0.19245008972987526,0.0,0.0,0.7071067811865475,0.0,0.0,0.2259772266936475
0.0007508277893066406,0.0,0.2927000342775857,balanced,0,1,10,"{'gamma': 10, 'coef0': 0, 'class_weight': 'balanced', 'degree': 1}",41,0.5476190476190476,0.28288947493050187,0.5476190476190476,0.23904572186687864,0.0755928946018456,0.6324555320336758,-0.0975900072948533,0.0755928946018456,-0.12499999999999996,0.7071067811865475,0.0022524833679199215,0.0,0.2883119046769791
0.001563096046447754,0.0,0.2801117851253143,balanced,0,1,100,"{'gamma': 100, 'coef0': 0, 'class_weight': 'balanced', 'degree': 1}",49,0.7319250547113999,0.09759000729485326,0.5476190476190476,0.028571428571428623,0.15811388300841886,0.6324555320336758,-0.0975900072948533,0.0755928946018456,-0.12499999999999996,0.7071067811865475,0.004689288139343262,0.0,0.32279109355929303
0.0015624761581420898,0.0,0.0,balanced,0,2,0.1,"{'gamma': 0.1, 'coef0': 0, 'class_weight': 'balanced', 'degree': 2}",188,0.0,0.0,0.0,0.0,0.0,0.0,0.0,0.0,0.0,0.0,0.0046874284744262695,0.0,0.0
0.0,0.0,0.2804106927375836,balanced,0,2,1,"{'gamma': 1, 'coef0': 0, 'class_weight': 'balanced', 'degree': 2}",48,0.41475753100312657,0.41475753100312657,0.41475753100312657,0.028571428571428623,0.0,0.6324555320336758,0.0,0.15811388300841886,0.0,0.7071067811865475,0.0,0.0,0.2573665133175974
0.014061975479125976,0.0,0.20348848201986489,balanced,0,2,10,"{'gamma': 10, 'coef0': 0, 'class_weight': 'balanced', 'degree': 2}",115,0.41475753100312657,-0.09759000729485326,0.23809523809523808,-0.1195228609334394,0.25819888974716115,0.4780914437337573,0.0,0.5291502622129184,-0.23904572186687872,0.5773502691896257,0.012978491314966801,0.0,0.28174759987222064
1.8288416385650634,0.0,0.2311074137196571,balanced,0,2,100,"{'gamma': 100, 'coef0': 0, 'class_weight': 'balanced', 'degree': 2}",92,0.380952380952381,0.380952380952381,0.23809523809523808,-0.1195228609334394,0.25819888974716115,0.25000000000000006,0.25819888974716115,0.5291502622129184,-0.5976143046671968,0.7071067811865475,1.3995212143605094,0.0,0.33867074721796264
0.0015624284744262696,0.0,0.1810958622527351,balanced,0.1,1,0.1,"{'gamma': 0.1, 'coef0': 0.1, 'class_weight': 'balanced', 'degree': 1}",144,0.6172133998483675,0.22537446792760427,0.22537446792760427,0.0975900072948533,0.2,-0.1195228609334394,0.17407765595569785,-0.25819888974716115,0.15811388300841897,0.4472135954999579,0.004687285423278808,0.0,0.2363078815296692
0.0015625238418579101,0.0,0.26708690902101145,balanced,0.1,1,1,"{'gamma': 1, 'coef0': 0.1, 'class_weight': 'balanced', 'degree': 1}",67,0.41475753100312657,0.28288947493050187,0.5476190476190476,0.23904572186687864,0.0,0.25000000000000006,0.19245008972987526,0.0,0.0,0.7071067811865475,0.004687571525573731,0.0,0.2259772266936475
0.0,0.0015624284744262696,0.2927000342775857,balanced,0.1,1,10,"{'gamma': 10, 'coef0': 0.1, 'class_weight': 'balanced', 'degree': 1}",41,0.5476190476190476,0.28288947493050187,0.5476190476190476,0.23904572186687864,0.0755928946018456,0.6324555320336758,-0.0975900072948533,0.0755928946018456,-0.12499999999999996,0.7071067811865475,0.0,0.004687285423278808,0.2883119046769791
0.0015624046325683593,0.0,0.2801117851253143,balanced,0.1,1,100,"{'gamma': 100, 'coef0': 0.1, 'class_weight': 'balanced', 'degree': 1}",49,0.7319250547113999,0.09759000729485326,0.5476190476190476,0.028571428571428623,0.15811388300841886,0.6324555320336758,-0.0975900072948533,0.0755928946018456,-0.12499999999999996,0.7071067811865475,0.004687213897705078,0.0,0.32279109355929303
0.0015625,0.0,0.04454620920607526,balanced,0.1,2,0.1,"{'gamma': 0.1, 'coef0': 0.1, 'class_weight': 'balanced', 'degree': 2}",179,0.0,0.0,0.0,-0.07559289460184548,0.0,0.0,0.17407765595569785,0.2,0.15811388300841897,0.0,0.004687500000000001,0.0,0.0887185614710753
0.0,0.0015622854232788086,0.27235986460035694,balanced,0.1,2,1,"{'gamma': 1, 'coef0': 0.1, 'class_weight': 'balanced', 'degree': 2}",58,0.41475753100312657,0.41475753100312657,0.41475753100312657,0.028571428571428623,0.0,0.6324555320336758,0.0,0.0755928946018456,0.0,0.7071067811865475,0.0,0.004686856269836426,0.26230945433334746
0.010442280769348144,9.996891021728516e-05,0.2546059290923012,balanced,0.1,2,10,"{'gamma': 10, 'coef0': 0.1, 'class_weight': 'balanced', 'degree': 2}",76,0.41475753100312657,0.05143444998736408,0.23809523809523808,0.028571428571428623,0.25819888974716115,0.4780914437337573,0.1111111111111111,0.6324555320336758,-0.23904572186687872,0.5773502691896257,0.007141671574931891,0.0002999067306518555,0.25852621655792396
1.6338690280914308,0.0,0.16316326813974225,balanced,0.1,2,100,"{'gamma': 100, 'coef0': 0.1, 'class_weight': 'balanced', 'degree': 2}",160,0.380952380952381,0.05143444998736408,0.23809523809523808,-0.1195228609334394,0.3999999999999998,0.4780914437337573,-0.0975900072948533,0.5291502622129184,-0.5976143046671968,0.35355339059327373,0.7951283008112026,0.0,0.33102112292906627
0.0015625476837158204,0.0,0.1810958622527351,balanced,1,1,0.1,"{'gamma': 0.1, 'coef0': 1, 'class_weight': 'balanced', 'degree': 1}",144,0.6172133998483675,0.22537446792760427,0.22537446792760427,0.0975900072948533,0.2,-0.1195228609334394,0.17407765595569785,-0.25819888974716115,0.15811388300841897,0.4472135954999579,0.004687643051147461,0.0,0.2363078815296692
0.0,0.0015625,0.26708690902101145,balanced,1,1,1,"{'gamma': 1, 'coef0': 1, 'class_weight': 'balanced', 'degree': 1}",67,0.41475753100312657,0.28288947493050187,0.5476190476190476,0.23904572186687864,0.0,0.25000000000000006,0.19245008972987526,0.0,0.0,0.7071067811865475,0.0,0.004687500000000001,0.2259772266936475
0.0015624523162841796,0.0,0.2927000342775857,balanced,1,1,10,"{'gamma': 10, 'coef0': 1, 'class_weight': 'balanced', 'degree': 1}",41,0.5476190476190476,0.28288947493050187,0.5476190476190476,0.23904572186687864,0.0755928946018456,0.6324555320336758,-0.0975900072948533,0.0755928946018456,-0.12499999999999996,0.7071067811865475,0.004687356948852538,0.0,0.2883119046769791
0.00312502384185791,0.0,0.2801117851253143,balanced,1,1,100,"{'gamma': 100, 'coef0': 1, 'class_weight': 'balanced', 'degree': 1}",49,0.7319250547113999,0.09759000729485326,0.5476190476190476,0.028571428571428623,0.15811388300841886,0.6324555320336758,-0.0975900072948533,0.0755928946018456,-0.12499999999999996,0.7071067811865475,0.006250047702132947,0.0,0.32279109355929303
0.0,0.0015624284744262696,0.2679263323982421,balanced,1,2,0.1,"{'gamma': 0.1, 'coef0': 1, 'class_weight': 'balanced', 'degree': 2}",66,0.5367450401216933,0.28288947493050187,0.5476190476190476,0.23904572186687864,-0.0755928946018456,0.11952286093343924,0.19245008972987526,-0.0755928946018456,0.15811388300841897,0.7071067811865475,0.0,0.004687285423278808,0.24846426411264594
0.0015622377395629883,0.0,0.32168927467846536,balanced,1,2,1,"{'gamma': 1, 'coef0': 1, 'class_weight': 'balanced', 'degree': 2}",21,0.41475753100312657,0.41475753100312657,0.41475753100312657,0.23904572186687864,0.0,0.8164965809277259,0.1111111111111111,0.0755928946018456,0.0,0.7071067811865475,0.004686713218688965,0.0,0.2687343375258928
0.010937237739562988,0.0,0.17554629123985455,balanced,1,2,10,"{'gamma': 10, 'coef0': 1, 'class_weight': 'balanced', 'degree': 2}",151,0.41475753100312657,0.21957751641342005,-0.09759000729485326,-0.1195228609334394,0.3999999999999998,0.40824829046386296,0.0,0.5291502622129184,-0.35355339059327373,0.35355339059327373,0.007160102877955218,0.0,0.2800682812804007
1.3315146207809447,0.0,0.16191922448877946,balanced,1,2,100,"{'gamma': 100, 'coef0': 1, 'class_weight': 'balanced', 'degree': 2}",162,0.14085904245475292,0.380952380952381,0.07142857142857145,-0.1195228609334394,0.3999999999999998,0.625,0.0,0.15811388300841886,-0.23904572186687872,0.19245008972987526,0.569705188961304,0.0,0.2418623192044235
0.0015626907348632812,0.0,0.1810958622527351,balanced,10,1,0.1,"{'gamma': 0.1, 'coef0': 10, 'class_weight': 'balanced', 'degree': 1}",144,0.6172133998483675,0.22537446792760427,0.22537446792760427,0.0975900072948533,0.2,-0.1195228609334394,0.17407765595569785,-0.25819888974716115,0.15811388300841897,0.4472135954999579,0.004688072204589844,0.0,0.2363078815296692
0.0015623807907104493,0.0,0.26708690902101145,balanced,10,1,1,"{'gamma': 1, 'coef0': 10, 'class_weight': 'balanced', 'degree': 1}",67,0.41475753100312657,0.28288947493050187,0.5476190476190476,0.23904572186687864,0.0,0.25000000000000006,0.19245008972987526,0.0,0.0,0.7071067811865475,0.004687142372131348,0.0,0.2259772266936475
0.0,0.0015625,0.2927000342775857,balanced,10,1,10,"{'gamma': 10, 'coef0': 10, 'class_weight': 'balanced', 'degree': 1}",41,0.5476190476190476,0.28288947493050187,0.5476190476190476,0.23904572186687864,0.0755928946018456,0.6324555320336758,-0.0975900072948533,0.0755928946018456,-0.12499999999999996,0.7071067811865475,0.0,0.004687500000000001,0.2883119046769791
0.0005941390991210938,0.0015625238418579101,0.2801117851253143,balanced,10,1,100,"{'gamma': 100, 'coef0': 10, 'class_weight': 'balanced', 'degree': 1}",49,0.7319250547113999,0.09759000729485326,0.5476190476190476,0.028571428571428623,0.15811388300841886,0.6324555320336758,-0.0975900072948533,0.0755928946018456,-0.12499999999999996,0.7071067811865475,0.0011886612565959775,0.004687571525573731,0.32279109355929303
0.0015626668930053711,0.0,0.21409748489902322,balanced,10,2,0.1,"{'gamma': 0.1, 'coef0': 10, 'class_weight': 'balanced', 'degree': 2}",107,0.41475753100312657,0.09759000729485326,0.5476190476190476,0.028571428571428623,0.0,0.25000000000000006,-0.0975900072948533,0.0,0.15811388300841897,0.7071067811865475,0.004688000679016113,0.0,0.25173682207602
0.0,0.0,0.27947202652324704,balanced,10,2,1,"{'gamma': 1, 'coef0': 10, 'class_weight': 'balanced', 'degree': 2}",54,0.41475753100312657,0.07142857142857145,0.41475753100312657,0.028571428571428623,0.15811388300841886,0.8366600265340753,0.0,0.15811388300841886,0.0,0.7071067811865475,0.0,0.0,0.28430308490572753
0.010789918899536132,9.989738464355469e-05,0.19371709151532718,balanced,10,2,10,"{'gamma': 10, 'coef0': 10, 'class_weight': 'balanced', 'degree': 2}",128,0.5070925528371101,0.380952380952381,-0.09759000729485326,-0.1195228609334394,0.3999999999999998,0.625,0.0,0.0,-0.35355339059327373,0.5773502691896257,0.006676124120993306,0.00029969215393066406,0.32530761218670334
1.3564037322998046,0.0,0.19625322833070233,balanced,10,2,100,"{'gamma': 100, 'coef0': 10, 'class_weight': 'balanced', 'degree': 2}",126,0.41475753100312657,0.5476190476190476,-0.14085904245475292,0.028571428571428623,0.3999999999999998,0.625,0.0,-0.20000000000000043,-0.23904572186687872,0.50709255283711,0.8901399364885986,0.0,0.31909566134691203
0.0,0.0,0.1810958622527351,balanced,100,1,0.1,"{'gamma': 0.1, 'coef0': 100, 'class_weight': 'balanced', 'degree': 1}",144,0.6172133998483675,0.22537446792760427,0.22537446792760427,0.0975900072948533,0.2,-0.1195228609334394,0.17407765595569785,-0.25819888974716115,0.15811388300841897,0.4472135954999579,0.0,0.0,0.2363078815296692
0.0,0.0,0.26708690902101145,balanced,100,1,1,"{'gamma': 1, 'coef0': 100, 'class_weight': 'balanced', 'degree': 1}",67,0.41475753100312657,0.28288947493050187,0.5476190476190476,0.23904572186687864,0.0,0.25000000000000006,0.19245008972987526,0.0,0.0,0.7071067811865475,0.0,0.0,0.2259772266936475
0.0,0.0015624046325683593,0.2927000342775857,balanced,100,1,10,"{'gamma': 10, 'coef0': 100, 'class_weight': 'balanced', 'degree': 1}",41,0.5476190476190476,0.28288947493050187,0.5476190476190476,0.23904572186687864,0.0755928946018456,0.6324555320336758,-0.0975900072948533,0.0755928946018456,-0.12499999999999996,0.7071067811865475,0.0,0.004687213897705078,0.2883119046769791
0.0015624284744262696,0.0015624523162841796,0.2801117851253143,balanced,100,1,100,"{'gamma': 100, 'coef0': 100, 'class_weight': 'balanced', 'degree': 1}",49,0.7319250547113999,0.09759000729485326,0.5476190476190476,0.028571428571428623,0.15811388300841886,0.6324555320336758,-0.0975900072948533,0.0755928946018456,-0.12499999999999996,0.7071067811865475,0.004687285423278808,0.004687356948852538,0.32279109355929303
0.0015624046325683593,0.0,0.2599369609456534,balanced,100,2,0.1,"{'gamma': 0.1, 'coef0': 100, 'class_weight': 'balanced', 'degree': 2}",73,0.6172133998483675,0.09759000729485326,0.5476190476190476,0.028571428571428623,0.0755928946018456,0.6324555320336758,-0.0975900072948533,0.0755928946018456,-0.12499999999999996,0.7071067811865475,0.004687213897705078,0.0,0.311208926923391
0.0031248807907104494,0.0,0.27750486109823735,balanced,100,2,1,"{'gamma': 1, 'coef0': 100, 'class_weight': 'balanced', 'degree': 2}",56,0.41475753100312657,0.07142857142857145,0.41475753100312657,0.028571428571428623,0.15811388300841886,0.8164965809277259,0.0,0.15811388300841886,0.0,0.7071067811865475,0.00624976159983887,0.0,0.2804850749014048
0.04265744686126709,9.9945068359375e-05,0.20960203542234113,balanced,100,2,10,"{'gamma': 10, 'coef0': 100, 'class_weight': 'balanced', 'degree': 2}",112,0.6172133998483675,0.380952380952381,-0.2828894749305017,-0.1195228609334394,0.3999999999999998,0.625,0.0,0.0,-0.23904572186687872,0.7071067811865475,0.033088686753219756,0.00029983520507812503,0.3599935456729259
1.1110214948654176,0.0,0.18040093116236194,balanced,100,2,100,"{'gamma': 100, 'coef0': 100, 'class_weight': 'balanced', 'degree': 2}",149,0.6172133998483675,0.5476190476190476,-0.2828894749305017,-0.1195228609334394,0.3999999999999998,0.8164965809277259,-0.0975900072948533,-0.20000000000000043,-0.23904572186687872,0.3333333333333333,0.38531420998486526,0.0,0.38879676641799416
0.0015625476837158204,0.0,0.0,"{0: 1, 1: 1}",0,1,0.1,"{'gamma': 0.1, 'coef0': 0, 'class_weight': {0: 1, 1: 1}, 'degree': 1}",188,0.0,0.0,0.0,0.0,0.0,0.0,0.0,0.0,0.0,0.0,0.004687643051147461,0.0,0.0
0.0,0.0,0.18705797565316518,"{0: 1, 1: 1}",0,1,1,"{'gamma': 1, 'coef0': 0, 'class_weight': {0: 1, 1: 1}, 'degree': 1}",138,0.3947710169758616,0.4605661864718383,0.22537446792760427,0.11952286093343924,0.25819888974716115,0.42640143271122116,-0.25819888974716115,0.25819888974716115,-0.24999999999999992,0.19245008972987526,0.0,0.0,0.24004918249678073
0.0,0.0,0.20094456529718116,"{0: 1, 1: 1}",0,1,10,"{'gamma': 10, 'coef0': 0, 'class_weight': {0: 1, 1: 1}, 'degree': 1}",119,0.3947710169758616,0.05143444998736408,0.5367450401216933,0.028571428571428623,0.25819888974716115,0.6324555320336758,0.0,0.0755928946018456,-0.35355339059327373,0.35355339059327373,0.0,0.0,0.2781674738117578
0.0015624284744262696,0.0,0.27160531279103306,"{0: 1, 1: 1}",0,1,100,"{'gamma': 100, 'coef0': 0, 'class_weight': {0: 1, 1: 1}, 'degree': 1}",60,0.3947710169758616,0.05143444998736408,0.5367450401216933,0.028571428571428623,0.25819888974716115,0.6324555320336758,0.0,0.25819888974716115,-0.12499999999999996,0.6666666666666666,0.004687285423278808,0.0,0.2653819315066955
0.0,0.0,0.0,"{0: 1, 1: 1}",0,2,0.1,"{'gamma': 0.1, 'coef0': 0, 'class_weight': {0: 1, 1: 1}, 'degree': 2}",188,0.0,0.0,0.0,0.0,0.0,0.0,0.0,0.0,0.0,0.0,0.0,0.0,0.0
0.0015624284744262696,0.0,0.18716731304826462,"{0: 1, 1: 1}",0,2,1,"{'gamma': 1, 'coef0': 0, 'class_weight': {0: 1, 1: 1}, 'degree': 2}",136,0.3947710169758616,0.05143444998736408,-0.09759000729485326,0.1690308509457033,0.15811388300841886,0.6324555320336758,0.1111111111111111,0.15811388300841886,0.11952286093343932,0.19245008972987526,0.004687285423278808,0.0,0.1887521326641465
0.014061951637268066,0.0,0.18953849056204677,"{0: 1, 1: 1}",0,2,10,"{'gamma': 10, 'coef0': 0, 'class_weight': {0: 1, 1: 1}, 'degree': 2}",133,0.2828894749305017,-0.09759000729485326,-0.09759000729485326,-0.1195228609334394,0.3999999999999998,0.625,0.25819888974716115,0.7745966692414835,-0.5976143046671968,0.50709255283711,0.008413908299357497,0.0,0.39323098633024645
1.3351614236831666,0.0,0.11401913017201752,"{0: 1, 1: 1}",0,2,100,"{'gamma': 100, 'coef0': 0, 'class_weight': {0: 1, 1: 1}, 'degree': 2}",170,0.2828894749305017,0.21957751641342005,-0.2828894749305017,-0.1195228609334394,0.3999999999999998,0.4780914437337573,0.25819888974716115,0.15811388300841886,-0.5976143046671968,0.35355339059327373,0.688552412960075,0.0,0.3229491768696434
0.0015630006790161132,0.0,0.0,"{0: 1, 1: 1}",0.1,1,0.1,"{'gamma': 0.1, 'coef0': 0.1, 'class_weight': {0: 1, 1: 1}, 'degree': 1}",188,0.0,0.0,0.0,0.0,0.0,0.0,0.0,0.0,0.0,0.0,0.00468900203704834,0.0,0.0
0.0,0.0,0.18705797565316518,"{0: 1, 1: 1}",0.1,1,1,"{'gamma': 1, 'coef0': 0.1, 'class_weight': {0: 1, 1: 1}, 'degree': 1}",138,0.3947710169758616,0.4605661864718383,0.22537446792760427,0.11952286093343924,0.25819888974716115,0.42640143271122116,-0.25819888974716115,0.25819888974716115,-0.24999999999999992,0.19245008972987526,0.0,0.0,0.24004918249678073
0.0,0.0015624523162841796,0.20094456529718116,"{0: 1, 1: 1}",0.1,1,10,"{'gamma': 10, 'coef0': 0.1, 'class_weight': {0: 1, 1: 1}, 'degree': 1}",119,0.3947710169758616,0.05143444998736408,0.5367450401216933,0.028571428571428623,0.25819888974716115,0.6324555320336758,0.0,0.0755928946018456,-0.35355339059327373,0.35355339059327373,0.0,0.004687356948852538,0.2781674738117578
0.0033752918243408203,0.00019996166229248048,0.27160531279103306,"{0: 1, 1: 1}",0.1,1,100,"{'gamma': 100, 'coef0': 0.1, 'class_weight': {0: 1, 1: 1}, 'degree': 1}",60,0.3947710169758616,0.05143444998736408,0.5367450401216933,0.028571428571428623,0.25819888974716115,0.6324555320336758,0.0,0.25819888974716115,-0.12499999999999996,0.6666666666666666,0.00489508972576008,0.0003999233281383558,0.2653819315066955
0.0006995677947998046,0.00019986629486083983,0.0,"{0: 1, 1: 1}",0.1,2,0.1,"{'gamma': 0.1, 'coef0': 0.1, 'class_weight': {0: 1, 1: 1}, 'degree': 2}",188,0.0,0.0,0.0,0.0,0.0,0.0,0.0,0.0,0.0,0.0,0.00045797467087617145,0.00039973262171749154,0.0
0.0006995916366577149,0.00019979476928710938,0.18716731304826462,"{0: 1, 1: 1}",0.1,2,1,"{'gamma': 1, 'coef0': 0.1, 'class_weight': {0: 1, 1: 1}, 'degree': 2}",136,0.3947710169758616,0.05143444998736408,-0.09759000729485326,0.1690308509457033,0.15811388300841886,0.6324555320336758,0.1111111111111111,0.15811388300841886,0.11952286093343932,0.19245008972987526,0.0004579902878997478,0.00039958953857421875,0.1887521326641465
0.010184144973754883,0.0,0.2133493114473076,"{0: 1, 1: 1}",0.1,2,10,"{'gamma': 10, 'coef0': 0.1, 'class_weight': {0: 1, 1: 1}, 'degree': 2}",109,0.2828894749305017,-0.09759000729485326,-0.09759000729485326,-0.1195228609334394,0.3999999999999998,0.625,0.25819888974716115,0.7745966692414835,-0.35355339059327373,0.50709255283711,0.007960250557591279,0.0,0.34984201533844383
1.1689611673355103,0.0,0.11269020855362591,"{0: 1, 1: 1}",0.1,2,100,"{'gamma': 100, 'coef0': 0.1, 'class_weight': {0: 1, 1: 1}, 'degree': 2}",171,0.5070925528371101,0.05143444998736408,-0.09759000729485326,-0.1195228609334394,0.3999999999999998,0.25000000000000006,0.1111111111111111,0.25819888974716115,-0.5976143046671968,0.35355339059327373,0.6453827559695615,0.0,0.30596192420231144
0.0,0.0,0.0,"{0: 1, 1: 1}",1,1,0.1,"{'gamma': 0.1, 'coef0': 1, 'class_weight': {0: 1, 1: 1}, 'degree': 1}",188,0.0,0.0,0.0,0.0,0.0,0.0,0.0,0.0,0.0,0.0,0.0,0.0,0.0
0.0,0.0,0.18705797565316518,"{0: 1, 1: 1}",1,1,1,"{'gamma': 1, 'coef0': 1, 'class_weight': {0: 1, 1: 1}, 'degree': 1}",138,0.3947710169758616,0.4605661864718383,0.22537446792760427,0.11952286093343924,0.25819888974716115,0.42640143271122116,-0.25819888974716115,0.25819888974716115,-0.24999999999999992,0.19245008972987526,0.0,0.0,0.24004918249678073
0.0015622854232788086,0.0,0.20094456529718116,"{0: 1, 1: 1}",1,1,10,"{'gamma': 10, 'coef0': 1, 'class_weight': {0: 1, 1: 1}, 'degree': 1}",119,0.3947710169758616,0.05143444998736408,0.5367450401216933,0.028571428571428623,0.25819888974716115,0.6324555320336758,0.0,0.0755928946018456,-0.35355339059327373,0.35355339059327373,0.004686856269836426,0.0,0.2781674738117578
0.0015623092651367188,0.0015625715255737304,0.27160531279103306,"{0: 1, 1: 1}",1,1,100,"{'gamma': 100, 'coef0': 1, 'class_weight': {0: 1, 1: 1}, 'degree': 1}",60,0.3947710169758616,0.05143444998736408,0.5367450401216933,0.028571428571428623,0.25819888974716115,0.6324555320336758,0.0,0.25819888974716115,-0.12499999999999996,0.6666666666666666,0.004686927795410156,0.004687714576721192,0.2653819315066955
0.0,0.0015624523162841796,0.0,"{0: 1, 1: 1}",1,2,0.1,"{'gamma': 0.1, 'coef0': 1, 'class_weight': {0: 1, 1: 1}, 'degree': 2}",188,0.0,0.0,0.0,0.0,0.0,0.0,0.0,0.0,0.0,0.0,0.0,0.004687356948852539,0.0
0.0,0.0,0.19132770699064855,"{0: 1, 1: 1}",1,2,1,"{'gamma': 1, 'coef0': 1, 'class_weight': {0: 1, 1: 1}, 'degree': 2}",131,0.3947710169758616,0.05143444998736408,0.07142857142857145,0.028571428571428623,0.15811388300841886,0.6324555320336758,0.1111111111111111,0.15811388300841886,0.11952286093343932,0.19245008972987526,0.0,0.0,0.17572001296185033
0.010612702369689942,0.0,0.13057598757508848,"{0: 1, 1: 1}",1,2,10,"{'gamma': 10, 'coef0': 1, 'class_weight': {0: 1, 1: 1}, 'degree': 2}",166,0.2828894749305017,0.21957751641342005,-0.09759000729485326,-0.1195228609334394,0.3999999999999998,0.25000000000000006,0.1111111111111111,0.25819888974716115,-0.35355339059327373,0.35355339059327373,0.009071047777290014,0.0,0.22958702733239494
1.392269492149353,9.996891021728516e-05,0.16040641253540894,"{0: 1, 1: 1}",1,2,100,"{'gamma': 100, 'coef0': 1, 'class_weight': {0: 1, 1: 1}, 'degree': 2}",163,0.2828894749305017,0.380952380952381,-0.09759000729485326,-0.1195228609334394,0.3999999999999998,0.625,0.1111111111111111,0.25819888974716115,-0.5976143046671968,0.35355339059327373,0.5239099420128788,0.0002999067306518555,0.3300498736172051
0.0015625,0.0,0.0,"{0: 1, 1: 1}",10,1,0.1,"{'gamma': 0.1, 'coef0': 10, 'class_weight': {0: 1, 1: 1}, 'degree': 1}",188,0.0,0.0,0.0,0.0,0.0,0.0,0.0,0.0,0.0,0.0,0.004687500000000001,0.0,0.0
0.0,0.0,0.18705797565316518,"{0: 1, 1: 1}",10,1,1,"{'gamma': 1, 'coef0': 10, 'class_weight': {0: 1, 1: 1}, 'degree': 1}",138,0.3947710169758616,0.4605661864718383,0.22537446792760427,0.11952286093343924,0.25819888974716115,0.42640143271122116,-0.25819888974716115,0.25819888974716115,-0.24999999999999992,0.19245008972987526,0.0,0.0,0.24004918249678073
0.0005996227264404297,0.0003317594528198242,0.20094456529718116,"{0: 1, 1: 1}",10,1,10,"{'gamma': 10, 'coef0': 10, 'class_weight': {0: 1, 1: 1}, 'degree': 1}",119,0.3947710169758616,0.05143444998736408,0.5367450401216933,0.028571428571428623,0.25819888974716115,0.6324555320336758,0.0,0.0755928946018456,-0.35355339059327373,0.35355339059327373,0.0004895899601671047,0.0005134307787244002,0.2781674738117578
0.0017624616622924805,0.0,0.27160531279103306,"{0: 1, 1: 1}",10,1,100,"{'gamma': 100, 'coef0': 10, 'class_weight': {0: 1, 1: 1}, 'degree': 1}",60,0.3947710169758616,0.05143444998736408,0.5367450401216933,0.028571428571428623,0.25819888974716115,0.6324555320336758,0.0,0.25819888974716115,-0.12499999999999996,0.6666666666666666,0.004659354813905224,0.0,0.2653819315066955
0.001562356948852539,0.0,0.2122641730536561,"{0: 1, 1: 1}",10,2,0.1,"{'gamma': 0.1, 'coef0': 10, 'class_weight': {0: 1, 1: 1}, 'degree': 2}",110,0.3947710169758616,0.05143444998736408,0.38575837490522985,0.1690308509457033,0.25819888974716115,0.6324555320336758,-0.25819888974716115,0.3999999999999998,-0.1195228609334394,0.19245008972987526,0.004687070846557617,0.0,0.25071802241080227
0.0015625715255737304,0.0,0.2851090444942206,"{0: 1, 1: 1}",10,2,1,"{'gamma': 1, 'coef0': 10, 'class_weight': {0: 1, 1: 1}, 'degree': 2}",47,0.5070925528371101,0.21957751641342005,0.23809523809523808,0.028571428571428623,0.25819888974716115,0.6324555320336758,0.25819888974716115,0.15811388300841886,-0.12499999999999996,0.6666666666666666,0.004687714576721192,0.0,0.23751614387655526
0.010098791122436524,0.0,0.16220228625564775,"{0: 1, 1: 1}",10,2,10,"{'gamma': 10, 'coef0': 10, 'class_weight': {0: 1, 1: 1}, 'degree': 2}",161,0.5070925528371101,0.21957751641342005,-0.09759000729485326,-0.1195228609334394,0.3999999999999998,0.625,0.0,0.0755928946018456,-0.35355339059327373,0.35355339059327373,0.0070655155239552694,0.0,0.29501100759352433
1.168840217590332,0.0,0.11704758711226268,"{0: 1, 1: 1}",10,2,100,"{'gamma': 100, 'coef0': 10, 'class_weight': {0: 1, 1: 1}, 'degree': 2}",168,0.2828894749305017,0.41475753100312657,-0.2828894749305017,-0.1195228609334394,0.3999999999999998,0.625,0.0,-0.134839972492648,-0.35355339059327373,0.3333333333333333,0.9475291772065434,0.0,0.3183075690417285
0.0,0.0,0.0,"{0: 1, 1: 1}",100,1,0.1,"{'gamma': 0.1, 'coef0': 100, 'class_weight': {0: 1, 1: 1}, 'degree': 1}",188,0.0,0.0,0.0,0.0,0.0,0.0,0.0,0.0,0.0,0.0,0.0,0.0,0.0
0.0,0.0,0.18705797565316518,"{0: 1, 1: 1}",100,1,1,"{'gamma': 1, 'coef0': 100, 'class_weight': {0: 1, 1: 1}, 'degree': 1}",138,0.3947710169758616,0.4605661864718383,0.22537446792760427,0.11952286093343924,0.25819888974716115,0.42640143271122116,-0.25819888974716115,0.25819888974716115,-0.24999999999999992,0.19245008972987526,0.0,0.0,0.24004918249678073
0.0015623807907104493,0.0,0.20094456529718116,"{0: 1, 1: 1}",100,1,10,"{'gamma': 10, 'coef0': 100, 'class_weight': {0: 1, 1: 1}, 'degree': 1}",119,0.3947710169758616,0.05143444998736408,0.5367450401216933,0.028571428571428623,0.25819888974716115,0.6324555320336758,0.0,0.0755928946018456,-0.35355339059327373,0.35355339059327373,0.004687142372131348,0.0,0.2781674738117578
0.0031248807907104494,0.0,0.27160531279103306,"{0: 1, 1: 1}",100,1,100,"{'gamma': 100, 'coef0': 100, 'class_weight': {0: 1, 1: 1}, 'degree': 1}",60,0.3947710169758616,0.05143444998736408,0.5367450401216933,0.028571428571428623,0.25819888974716115,0.6324555320336758,0.0,0.25819888974716115,-0.12499999999999996,0.6666666666666666,0.006249761581648282,0.0,0.2653819315066955
0.0015624523162841796,0.0,0.24930742102583564,"{0: 1, 1: 1}",100,2,0.1,"{'gamma': 0.1, 'coef0': 100, 'class_weight': {0: 1, 1: 1}, 'degree': 2}",80,0.3947710169758616,0.05143444998736408,0.5367450401216933,0.028571428571428623,0.25819888974716115,0.6324555320336758,0.0,0.25819888974716115,-0.35355339059327373,0.6666666666666666,0.004687356948852538,0.0,0.30448900971185006
0.003124833106994629,0.0,0.27075901731021573,"{0: 1, 1: 1}",100,2,1,"{'gamma': 1, 'coef0': 100, 'class_weight': {0: 1, 1: 1}, 'degree': 2}",65,0.5070925528371101,0.21957751641342005,0.23809523809523808,0.028571428571428623,0.25819888974716115,0.6324555320336758,0.1111111111111111,0.15811388300841886,-0.12499999999999996,0.6666666666666666,0.006249666214216644,0.0,0.24308646989900773
0.03969664573669433,0.0,0.2109178293240341,"{0: 1, 1: 1}",100,2,10,"{'gamma': 10, 'coef0': 100, 'class_weight': {0: 1, 1: 1}, 'degree': 2}",111,0.5070925528371101,0.380952380952381,-0.2828894749305017,0.0975900072948533,0.3999999999999998,0.625,0.1111111111111111,0.15811388300841886,-0.23904572186687872,0.35355339059327373,0.01948683233819845,0.0,0.2873151840345906
1.1403525352478028,0.0,0.19587130682446613,"{0: 1, 1: 1}",100,2,100,"{'gamma': 100, 'coef0': 100, 'class_weight': {0: 1, 1: 1}, 'degree': 2}",127,0.3947710169758616,0.5476190476190476,-0.14085904245475292,0.028571428571428623,0.3999999999999998,0.8164965809277259,0.0,-0.20000000000000043,-0.23904572186687872,0.3333333333333333,0.8128069833969029,0.0,0.33607387860671656
0.0015625476837158204,0.0,0.0,"{0: 1, 1: 2}",0,1,0.1,"{'gamma': 0.1, 'coef0': 0, 'class_weight': {0: 1, 1: 2}, 'degree': 1}",188,0.0,0.0,0.0,0.0,0.0,0.0,0.0,0.0,0.0,0.0,0.004687643051147461,0.0,0.0
0.0,0.0015625238418579101,-0.016983185946897354,"{0: 1, 1: 2}",0,1,1,"{'gamma': 1, 'coef0': 0, 'class_weight': {0: 1, 1: 2}, 'degree': 1}",227,0.0,0.0,0.0,0.0,0.0,0.0,-0.17407765595569788,0.0,0.0,0.0,0.0,0.004687571525573731,0.051652343561437254
0.0031249523162841797,0.0,0.16655353114952062,"{0: 1, 1: 2}",0,1,10,"{'gamma': 10, 'coef0': 0, 'class_weight': {0: 1, 1: 2}, 'degree': 1}",155,0.0,0.31180478223116165,0.22537446792760427,0.2927700218845599,0.6741998624632429,0.0,0.1111111111111111,-0.134839972492648,-0.1195228609334394,0.3015113445777637,0.006249904636206394,0.0,0.2320632303827941
0.0015619993209838867,0.0,0.2301024032560243,"{0: 1, 1: 2}",0,1,100,"{'gamma': 100, 'coef0': 0, 'class_weight': {0: 1, 1: 2}, 'degree': 1}",93,0.3947710169758616,0.22537446792760427,0.22537446792760427,0.2927700218845599,0.6741998624632429,0.42640143271122116,0.1111111111111111,-0.134839972492648,-0.1195228609334394,0.19245008972987526,0.00468599796295166,0.0,0.2295497843108544
0.0015628337860107422,0.0,0.0,"{0: 1, 1: 2}",0,2,0.1,"{'gamma': 0.1, 'coef0': 0, 'class_weight': {0: 1, 1: 2}, 'degree': 2}",188,0.0,0.0,0.0,0.0,0.0,0.0,0.0,0.0,0.0,0.0,0.0046885013580322266,0.0,0.0
0.0,0.0,0.0019016042516944447,"{0: 1, 1: 2}",0,2,1,"{'gamma': 1, 'coef0': 0, 'class_weight': {0: 1, 1: 2}, 'degree': 2}",187,0.0,0.0,0.03289758474798834,0.2927700218845599,0.0,0.0,-0.17407765595569788,-0.134839972492648,0.0,0.0,0.0,0.0,0.11490590333158593
0.022084355354309082,0.0,0.2021251727955909,"{0: 1, 1: 2}",0,2,10,"{'gamma': 10, 'coef0': 0, 'class_weight': {0: 1, 1: 2}, 'degree': 2}",116,0.3947710169758616,0.4605661864718383,-0.14085904245475292,0.23904572186687864,0.6741998624632429,0.40824829046386296,0.1111111111111111,-0.134839972492648,-0.35355339059327373,0.35355339059327373,0.01340012145541388,0.0,0.3060761633298857
2.793720817565918,0.00019981861114501954,0.17024554557316032,"{0: 1, 1: 2}",0,2,100,"{'gamma': 100, 'coef0': 0, 'class_weight': {0: 1, 1: 2}, 'degree': 2}",154,0.5070925528371101,0.5916079783099615,-0.09759000729485326,0.23904572186687864,0.6741998624632429,0.40824829046386296,-0.0975900072948533,-0.134839972492648,-0.5976143046671968,0.1690308509457033,1.911356463576628,0.0003996372542934862,0.37776610430504354
0.0,0.0015627384185791016,0.0,"{0: 1, 1: 2}",0.1,1,0.1,"{'gamma': 0.1, 'coef0': 0.1, 'class_weight': {0: 1, 1: 2}, 'degree': 1}",188,0.0,0.0,0.0,0.0,0.0,0.0,0.0,0.0,0.0,0.0,0.0,0.0046882152557373045,0.0
0.0,0.0,-0.016983185946897354,"{0: 1, 1: 2}",0.1,1,1,"{'gamma': 1, 'coef0': 0.1, 'class_weight': {0: 1, 1: 2}, 'degree': 1}",227,0.0,0.0,0.0,0.0,0.0,0.0,-0.17407765595569788,0.0,0.0,0.0,0.0,0.0,0.051652343561437254
0.00040748119354248045,0.0,0.16655353114952062,"{0: 1, 1: 2}",0.1,1,10,"{'gamma': 10, 'coef0': 0.1, 'class_weight': {0: 1, 1: 2}, 'degree': 1}",155,0.0,0.31180478223116165,0.22537446792760427,0.2927700218845599,0.6741998624632429,0.0,0.1111111111111111,-0.134839972492648,-0.1195228609334394,0.3015113445777637,0.000499481431594012,0.0,0.2320632303827941
0.001562786102294922,0.0015623331069946288,0.2301024032560243,"{0: 1, 1: 2}",0.1,1,100,"{'gamma': 100, 'coef0': 0.1, 'class_weight': {0: 1, 1: 2}, 'degree': 1}",93,0.3947710169758616,0.22537446792760427,0.22537446792760427,0.2927700218845599,0.6741998624632429,0.42640143271122116,0.1111111111111111,-0.134839972492648,-0.1195228609334394,0.19245008972987526,0.004688358306884765,0.004686999320983886,0.2295497843108544
0.0015625,0.0,0.0,"{0: 1, 1: 2}",0.1,2,0.1,"{'gamma': 0.1, 'coef0': 0.1, 'class_weight': {0: 1, 1: 2}, 'degree': 2}",188,0.0,0.0,0.0,0.0,0.0,0.0,0.0,0.0,0.0,0.0,0.004687500000000001,0.0,0.0
0.001562356948852539,0.0,0.09266513412674186,"{0: 1, 1: 2}",0.1,2,1,"{'gamma': 1, 'coef0': 0.1, 'class_weight': {0: 1, 1: 2}, 'degree': 2}",172,0.2672612419124244,0.0,0.22537446792760427,0.2927700218845599,0.0,0.0,0.25819888974716115,-0.134839972492648,0.0,0.0,0.004687070846557617,0.0,0.14481449879312816
0.014911460876464843,0.0,0.18412297380558404,"{0: 1, 1: 2}",0.1,2,10,"{'gamma': 10, 'coef0': 0.1, 'class_weight': {0: 1, 1: 2}, 'degree': 2}",143,0.3947710169758616,0.4605661864718383,-0.14085904245475292,0.23904572186687864,0.6741998624632429,0.40824829046386296,0.1111111111111111,-0.134839972492648,-0.35355339059327373,0.1690308509457033,0.00959047246803928,0.0,0.302040176546353
1.8061594486236572,0.0,0.12579347507549324,"{0: 1, 1: 2}",0.1,2,100,"{'gamma': 100, 'coef0': 0.1, 'class_weight': {0: 1, 1: 2}, 'degree': 2}",167,0.14085904245475292,0.38575837490522985,-0.2828894749305017,0.0975900072948533,0.6741998624632429,0.6324555320336758,0.0,-0.134839972492648,-0.5976143046671968,0.35355339059327373,1.0576841578294012,0.0,0.37890706870425805
0.0015625238418579101,0.0,0.0,"{0: 1, 1: 2}",1,1,0.1,"{'gamma': 0.1, 'coef0': 1, 'class_weight': {0: 1, 1: 2}, 'degree': 1}",188,0.0,0.0,0.0,0.0,0.0,0.0,0.0,0.0,0.0,0.0,0.004687571525573731,0.0,0.0
0.0,0.0015625,-0.016983185946897354,"{0: 1, 1: 2}",1,1,1,"{'gamma': 1, 'coef0': 1, 'class_weight': {0: 1, 1: 2}, 'degree': 1}",227,0.0,0.0,0.0,0.0,0.0,0.0,-0.17407765595569788,0.0,0.0,0.0,0.0,0.004687500000000001,0.051652343561437254
0.0,0.0015622615814208985,0.16655353114952062,"{0: 1, 1: 2}",1,1,10,"{'gamma': 10, 'coef0': 1, 'class_weight': {0: 1, 1: 2}, 'degree': 1}",155,0.0,0.31180478223116165,0.22537446792760427,0.2927700218845599,0.6741998624632429,0.0,0.1111111111111111,-0.134839972492648,-0.1195228609334394,0.3015113445777637,0.0,0.004686784744262695,0.2320632303827941
0.0031249523162841797,0.0,0.2301024032560243,"{0: 1, 1: 2}",1,1,100,"{'gamma': 100, 'coef0': 1, 'class_weight': {0: 1, 1: 2}, 'degree': 1}",93,0.3947710169758616,0.22537446792760427,0.22537446792760427,0.2927700218845599,0.6741998624632429,0.42640143271122116,0.1111111111111111,-0.134839972492648,-0.1195228609334394,0.19245008972987526,0.006249904647120497,0.0,0.2295497843108544
0.0015623331069946288,0.0,0.0,"{0: 1, 1: 2}",1,2,0.1,"{'gamma': 0.1, 'coef0': 1, 'class_weight': {0: 1, 1: 2}, 'degree': 2}",188,0.0,0.0,0.0,0.0,0.0,0.0,0.0,0.0,0.0,0.0,0.004686999320983886,0.0,0.0
0.0015624523162841796,0.0,0.2135282362431383,"{0: 1, 1: 2}",1,2,1,"{'gamma': 1, 'coef0': 1, 'class_weight': {0: 1, 1: 2}, 'degree': 2}",108,0.3947710169758616,0.0,0.22537446792760427,0.2927700218845599,0.6741998624632429,0.0,0.25819888974716115,-0.134839972492648,0.12500000000000003,0.3015113445777637,0.004687356948852539,0.0,0.21823198357746978
0.015624403953552246,0.0,0.23515519326449635,"{0: 1, 1: 2}",1,2,10,"{'gamma': 10, 'coef0': 1, 'class_weight': {0: 1, 1: 2}, 'degree': 2}",86,0.3947710169758616,0.5916079783099615,-0.14085904245475292,0.23904572186687864,0.6741998624632429,0.40824829046386296,0.25819888974716115,-0.134839972492648,-0.1195228609334394,0.1690308509457033,0.006987179372382749,0.0,0.28089560774739175
2.5178011894226073,9.9945068359375e-05,0.221761492508083,"{0: 1, 1: 2}",1,2,100,"{'gamma': 100, 'coef0': 1, 'class_weight': {0: 1, 1: 2}, 'degree': 2}",100,0.41475753100312657,0.38575837490522985,-0.09759000729485326,-0.1195228609334394,0.6741998624632429,0.625,0.25819888974716115,0.25819888974716115,-0.35355339059327373,0.1690308509457033,1.8349809411526516,0.00029983520507812503,0.3123743376633559
0.0,0.0,0.0,"{0: 1, 1: 2}",10,1,0.1,"{'gamma': 0.1, 'coef0': 10, 'class_weight': {0: 1, 1: 2}, 'degree': 1}",188,0.0,0.0,0.0,0.0,0.0,0.0,0.0,0.0,0.0,0.0,0.0,0.0,0.0
0.0015626192092895509,0.0,-0.016983185946897354,"{0: 1, 1: 2}",10,1,1,"{'gamma': 1, 'coef0': 10, 'class_weight': {0: 1, 1: 2}, 'degree': 1}",227,0.0,0.0,0.0,0.0,0.0,0.0,-0.17407765595569788,0.0,0.0,0.0,0.004687857627868652,0.0,0.051652343561437254
0.0,0.0015623331069946288,0.16655353114952062,"{0: 1, 1: 2}",10,1,10,"{'gamma': 10, 'coef0': 10, 'class_weight': {0: 1, 1: 2}, 'degree': 1}",155,0.0,0.31180478223116165,0.22537446792760427,0.2927700218845599,0.6741998624632429,0.0,0.1111111111111111,-0.134839972492648,-0.1195228609334394,0.3015113445777637,0.0,0.004686999320983886,0.2320632303827941
0.0015624523162841796,0.0,0.2301024032560243,"{0: 1, 1: 2}",10,1,100,"{'gamma': 100, 'coef0': 10, 'class_weight': {0: 1, 1: 2}, 'degree': 1}",93,0.3947710169758616,0.22537446792760427,0.22537446792760427,0.2927700218845599,0.6741998624632429,0.42640143271122116,0.1111111111111111,-0.134839972492648,-0.1195228609334394,0.19245008972987526,0.004687356948852538,0.0,0.2295497843108544
0.0015624761581420898,0.0,0.011191800487976421,"{0: 1, 1: 2}",10,2,0.1,"{'gamma': 0.1, 'coef0': 10, 'class_weight': {0: 1, 1: 2}, 'degree': 2}",186,0.0,0.0,0.0,0.0755928946018456,0.0,0.0,-0.17407765595569788,0.0,0.21320071635561058,0.0,0.0046874284744262695,0.0,0.08844895641993208
0.0015624761581420898,0.0,0.27278762347113356,"{0: 1, 1: 2}",10,2,1,"{'gamma': 1, 'coef0': 10, 'class_weight': {0: 1, 1: 2}, 'degree': 2}",57,0.3947710169758616,0.31180478223116165,0.22537446792760427,0.1690308509457033,0.6741998624632429,0.42640143271122116,0.1111111111111111,-0.134839972492648,0.23904572186687864,0.3015113445777637,0.0046874284744262695,0.0,0.1999907463817384
0.0207700252532959,0.0,0.20714747337103537,"{0: 1, 1: 2}",10,2,10,"{'gamma': 10, 'coef0': 10, 'class_weight': {0: 1, 1: 2}, 'degree': 2}",114,0.14085904245475292,0.5916079783099615,-0.09759000729485326,0.028571428571428623,0.6741998624632429,0.625,0.25819888974716115,-0.20000000000000043,-0.1195228609334394,0.1690308509457033,0.015479875063797504,0.0,0.30709673543986415
1.2936540365219116,0.00019996166229248048,0.1907883947087645,"{0: 1, 1: 2}",10,2,100,"{'gamma': 100, 'coef0': 10, 'class_weight': {0: 1, 1: 2}, 'degree': 2}",132,0.6172133998483675,0.6904761904761905,-0.14085904245475292,0.028571428571428623,0.3999999999999998,0.8164965809277259,0.0,-0.20000000000000043,-0.35355339059327373,0.0,0.7050806138751486,0.0003999233565655131,0.39137794058525743
0.0012987136840820312,0.00039985179901123045,0.0,"{0: 1, 1: 2}",100,1,0.1,"{'gamma': 0.1, 'coef0': 100, 'class_weight': {0: 1, 1: 2}, 'degree': 1}",188,0.0,0.0,0.0,0.0,0.0,0.0,0.0,0.0,0.0,0.0,0.0010042984445188543,0.0004897167463011763,0.0
0.0007989883422851562,0.0002997159957885742,-0.016983185946897354,"{0: 1, 1: 2}",100,1,1,"{'gamma': 1, 'coef0': 100, 'class_weight': {0: 1, 1: 2}, 'degree': 1}",227,0.0,0.0,0.0,0.0,0.0,0.0,-0.17407765595569788,0.0,0.0,0.0,0.00039949475452492515,0.00045782377486741296,0.051652343561437254
0.001099228858947754,9.9945068359375e-05,0.16655353114952062,"{0: 1, 1: 2}",100,1,10,"{'gamma': 10, 'coef0': 100, 'class_weight': {0: 1, 1: 2}, 'degree': 1}",155,0.0,0.31180478223116165,0.22537446792760427,0.2927700218845599,0.6741998624632429,0.0,0.1111111111111111,-0.134839972492648,-0.1195228609334394,0.3015113445777637,0.00029973257519810934,0.00029983520507812503,0.2320632303827941
0.002698206901550293,0.0,0.2301024032560243,"{0: 1, 1: 2}",100,1,100,"{'gamma': 100, 'coef0': 100, 'class_weight': {0: 1, 1: 2}, 'degree': 1}",93,0.3947710169758616,0.22537446792760427,0.22537446792760427,0.2927700218845599,0.6741998624632429,0.42640143271122116,0.1111111111111111,-0.134839972492648,-0.1195228609334394,0.19245008972987526,0.001004366818822985,0.0,0.2295497843108544
0.0012992143630981446,0.0,0.24987743694806416,"{0: 1, 1: 2}",100,2,0.1,"{'gamma': 0.1, 'coef0': 100, 'class_weight': {0: 1, 1: 2}, 'degree': 2}",78,0.3947710169758616,0.31180478223116165,0.22537446792760427,0.2927700218845599,0.6741998624632429,0.42640143271122116,0.1111111111111111,-0.134839972492648,-0.1195228609334394,0.3015113445777637,0.0004576886389998832,0.0,0.2310073178161603
0.0034970760345458983,0.0005001306533813476,0.31384072109315986,"{0: 1, 1: 2}",100,2,1,"{'gamma': 1, 'coef0': 100, 'class_weight': {0: 1, 1: 2}, 'degree': 2}",23,0.3947710169758616,0.31180478223116165,0.22537446792760427,0.1690308509457033,0.6741998624632429,0.42640143271122116,0.1111111111111111,0.3999999999999998,0.12500000000000003,0.3015113445777637,0.0006703810329122549,0.0005001306942979158,0.16030840736024787
0.05856320858001709,0.00029995441436767576,0.23133540785256843,"{0: 1, 1: 2}",100,2,10,"{'gamma': 10, 'coef0': 100, 'class_weight': {0: 1, 1: 2}, 'degree': 2}",91,0.5070925528371101,0.5367450401216933,-0.2828894749305017,-0.028571428571428466,0.6741998624632429,0.8164965809277259,0.1111111111111111,0.15811388300841886,-0.35355339059327373,0.1690308509457033,0.04878321291166798,0.00045818808930099406,0.37504806297327414
1.848747229576111,0.0,0.1989062198851455,"{0: 1, 1: 2}",100,2,100,"{'gamma': 100, 'coef0': 100, 'class_weight': {0: 1, 1: 2}, 'degree': 2}",124,0.5070925528371101,0.5476190476190476,0.03289758474798834,0.028571428571428623,0.3999999999999998,0.8164965809277259,0.0,-0.20000000000000043,-0.35355339059327373,0.1690308509457033,1.8633082082586403,0.0,0.34501999912861964
0.0003998279571533203,9.9945068359375e-05,0.0,"{0: 1, 1: 3}",0,1,0.1,"{'gamma': 0.1, 'coef0': 0, 'class_weight': {0: 1, 1: 3}, 'degree': 1}",188,0.0,0.0,0.0,0.0,0.0,0.0,0.0,0.0,0.0,0.0,0.0004896875940096411,0.00029983520507812503,0.0
0.0007996082305908204,9.999275207519531e-05,-0.016983185946897354,"{0: 1, 1: 3}",0,1,1,"{'gamma': 1, 'coef0': 0, 'class_weight': {0: 1, 1: 3}, 'degree': 1}",227,0.0,0.0,0.0,0.0,0.0,0.0,-0.17407765595569788,0.0,0.0,0.0,0.0003998051496402842,0.0002999782562255859,0.051652343561437254
0.0010993480682373047,0.00030002593994140627,-0.009608269400375832,"{0: 1, 1: 3}",0,1,10,"{'gamma': 10, 'coef0': 0, 'class_weight': {0: 1, 1: 3}, 'degree': 1}",222,0.0,0.0,0.0,0.0755928946018456,0.0,0.0,-0.17407765595569788,0.0,0.0,0.0,0.0005380974862188356,0.00045829791692876315,0.05849415055049566
0.00449676513671875,0.0,0.056301684567186795,"{0: 1, 1: 3}",0,1,100,"{'gamma': 100, 'coef0': 0, 'class_weight': {0: 1, 1: 3}, 'degree': 1}",174,0.0,0.31180478223116165,0.31180478223116165,0.0755928946018456,0.0,0.0,-0.17407765595569788,0.0,0.0,0.0,0.004920537689110603,0.0,0.1445511800301644
0.001000213623046875,0.00029954910278320315,0.0,"{0: 1, 1: 3}",0,2,0.1,"{'gamma': 0.1, 'coef0': 0, 'class_weight': {0: 1, 1: 3}, 'degree': 2}",188,0.0,0.0,0.0,0.0,0.0,0.0,0.0,0.0,0.0,0.0,0.000448624173624154,0.00045756889958049424,0.0
0.0011996030807495117,0.00039942264556884765,-0.03240893063064555,"{0: 1, 1: 3}",0,2,1,"{'gamma': 1, 'coef0': 0, 'class_weight': {0: 1, 1: 3}, 'degree': 2}",238,0.0,0.0,0.0,0.0,0.0,0.0,-0.17407765595569788,0.0,-0.15811388300841905,0.0,0.0007483602530039744,0.0004891910966729927,0.06591721175776134
0.02377018928527832,9.9945068359375e-05,0.23402298754735054,"{0: 1, 1: 3}",0,2,10,"{'gamma': 10, 'coef0': 0, 'class_weight': {0: 1, 1: 3}, 'degree': 2}",88,0.3947710169758616,0.31180478223116165,-0.14085904245475292,0.028571428571428623,0.6741998624632429,0.6324555320336758,0.25819888974716115,0.0,0.0,0.19245008972987526,0.013659435556431123,0.00029983520507812503,0.26008556940843064
1.7791818857192994,0.00029985904693603517,0.27176784708706436,"{0: 1, 1: 3}",0,2,100,"{'gamma': 100, 'coef0': 0, 'class_weight': {0: 1, 1: 3}, 'degree': 2}",59,0.5070925528371101,0.5916079783099615,-0.14085904245475292,0.0975900072948533,0.6741998624632429,0.6324555320336758,0.0,-0.134839972492648,0.12500000000000003,0.35355339059327373,0.9545646454028938,0.0004580424131915482,0.3036472309260627
0.0007995367050170898,0.00010013580322265625,0.0,"{0: 1, 1: 3}",0.1,1,0.1,"{'gamma': 0.1, 'coef0': 0.1, 'class_weight': {0: 1, 1: 3}, 'degree': 1}",188,0.0,0.0,0.0,0.0,0.0,0.0,0.0,0.0,0.0,0.0,0.0003997687853018399,0.00030040740966796875,0.0
0.000899362564086914,0.0003000020980834961,-0.016983185946897354,"{0: 1, 1: 3}",0.1,1,1,"{'gamma': 1, 'coef0': 0.1, 'class_weight': {0: 1, 1: 3}, 'degree': 1}",227,0.0,0.0,0.0,0.0,0.0,0.0,-0.17407765595569788,0.0,0.0,0.0,0.0002997875782460067,0.00045826097697236596,0.051652343561437254
0.0010993242263793944,0.00019979476928710938,-0.009608269400375832,"{0: 1, 1: 3}",0.1,1,10,"{'gamma': 10, 'coef0': 0.1, 'class_weight': {0: 1, 1: 3}, 'degree': 1}",222,0.0,0.0,0.0,0.0755928946018456,0.0,0.0,-0.17407765595569788,0.0,0.0,0.0,0.0005380127416797091,0.00039958955279967073,0.05849415055049566
0.003996992111206054,9.992122650146485e-05,0.056301684567186795,"{0: 1, 1: 3}",0.1,1,100,"{'gamma': 100, 'coef0': 0.1, 'class_weight': {0: 1, 1: 3}, 'degree': 1}",174,0.0,0.31180478223116165,0.31180478223116165,0.0755928946018456,0.0,0.0,-0.17407765595569788,0.0,0.0,0.0,0.004729861025334545,0.0002997636795043946,0.1445511800301644
0.0006994962692260742,0.0001998424530029297,0.0,"{0: 1, 1: 3}",0.1,2,0.1,"{'gamma': 0.1, 'coef0': 0.1, 'class_weight': {0: 1, 1: 3}, 'degree': 2}",188,0.0,0.0,0.0,0.0,0.0,0.0,0.0,0.0,0.0,0.0,0.0004579283305153512,0.00039968503400436025,0.0
0.0008997201919555664,9.987354278564453e-05,-0.03240893063064555,"{0: 1, 1: 3}",0.1,2,1,"{'gamma': 1, 'coef0': 0.1, 'class_weight': {0: 1, 1: 3}, 'degree': 2}",238,0.0,0.0,0.0,0.0,0.0,0.0,-0.17407765595569788,0.0,-0.15811388300841905,0.0,0.00029990919462259734,0.0002996206283569336,0.06591721175776134
0.0167055606842041,0.00072174072265625,0.23402298754735054,"{0: 1, 1: 3}",0.1,2,10,"{'gamma': 10, 'coef0': 0.1, 'class_weight': {0: 1, 1: 3}, 'degree': 2}",88,0.3947710169758616,0.31180478223116165,-0.14085904245475292,0.028571428571428623,0.6741998624632429,0.6324555320336758,0.25819888974716115,0.0,0.0,0.19245008972987526,0.007078296024357453,0.0015497576335042455,0.26008556940843064
2.204299068450928,0.00020000934600830078,0.15598567944025968,"{0: 1, 1: 3}",0.1,2,100,"{'gamma': 100, 'coef0': 0.1, 'class_weight': {0: 1, 1: 3}, 'degree': 2}",165,-0.03289758474798834,0.5916079783099615,0.03289758474798834,0.028571428571428623,0.6741998624632429,0.6324555320336758,0.1111111111111111,-0.134839972492648,-0.35355339059327373,0.0,0.8530383368022633,0.0004000186955691492,0.33393479973072165
0.0008996009826660156,0.0001998424530029297,0.0,"{0: 1, 1: 3}",1,1,0.1,"{'gamma': 0.1, 'coef0': 1, 'class_weight': {0: 1, 1: 3}, 'degree': 1}",188,0.0,0.0,0.0,0.0,0.0,0.0,0.0,0.0,0.0,0.0,0.000538327176107588,0.0003996849060058594,0.0
0.0011990785598754883,9.992122650146485e-05,-0.016983185946897354,"{0: 1, 1: 3}",1,1,1,"{'gamma': 1, 'coef0': 1, 'class_weight': {0: 1, 1: 3}, 'degree': 1}",227,0.0,0.0,0.0,0.0,0.0,0.0,-0.17407765595569788,0.0,0.0,0.0,0.0005996393069672853,0.0002997636795043946,0.051652343561437254
0.0010995149612426757,0.00019989013671875,-0.009608269400375832,"{0: 1, 1: 3}",1,1,10,"{'gamma': 10, 'coef0': 1, 'class_weight': {0: 1, 1: 3}, 'degree': 1}",222,0.0,0.0,0.0,0.0755928946018456,0.0,0.0,-0.17407765595569788,0.0,0.0,0.0,0.0005382873265883054,0.00039978027343749993,0.05849415055049566
0.004896640777587891,0.00020000934600830078,0.056301684567186795,"{0: 1, 1: 3}",1,1,100,"{'gamma': 100, 'coef0': 1, 'class_weight': {0: 1, 1: 3}, 'degree': 1}",174,0.0,0.31180478223116165,0.31180478223116165,0.0755928946018456,0.0,0.0,-0.17407765595569788,0.0,0.0,0.0,0.004501349694895272,0.0004000188660913994,0.1445511800301644
0.000699162483215332,0.00019979476928710938,0.0,"{0: 1, 1: 3}",1,2,0.1,"{'gamma': 0.1, 'coef0': 1, 'class_weight': {0: 1, 1: 3}, 'degree': 2}",188,0.0,0.0,0.0,0.0,0.0,0.0,0.0,0.0,0.0,0.0,0.0004577099407222564,0.0003995895954760235,0.0
0.0009991884231567382,0.0003997802734375,-0.03240893063064555,"{0: 1, 1: 3}",1,2,1,"{'gamma': 1, 'coef0': 1, 'class_weight': {0: 1, 1: 3}, 'degree': 2}",238,0.0,0.0,0.0,0.0,0.0,0.0,-0.17407765595569788,0.0,-0.15811388300841905,0.0,5.586325890474311e-07,0.0004896290601563954,0.06591721175776134
0.02248566150665283,0.000600123405456543,0.23258125426962348,"{0: 1, 1: 3}",1,2,10,"{'gamma': 10, 'coef0': 1, 'class_weight': {0: 1, 1: 3}, 'degree': 2}",90,0.2672612419124244,0.4605661864718383,0.03289758474798834,-0.2390457218668788,0.6741998624632429,0.6324555320336758,0.25819888974716115,0.0,-0.1195228609334394,0.35355339059327373,0.01270610580283838,0.0004899988875344994,0.2915941307509872
2.6552632808685304,0.0002997636795043945,0.2641568386411158,"{0: 1, 1: 3}",1,2,100,"{'gamma': 100, 'coef0': 1, 'class_weight': {0: 1, 1: 3}, 'degree': 2}",72,0.41475753100312657,0.5916079783099615,0.05143444998736408,0.028571428571428623,0.6741998624632429,0.8164965809277259,0.25819888974716115,-0.134839972492648,-0.24999999999999992,0.1690308509457033,2.434113762289411,0.00045789751502708627,0.33511658737961536
0.0,0.0,0.0,"{0: 1, 1: 3}",10,1,0.1,"{'gamma': 0.1, 'coef0': 10, 'class_weight': {0: 1, 1: 3}, 'degree': 1}",188,0.0,0.0,0.0,0.0,0.0,0.0,0.0,0.0,0.0,0.0,0.0,0.0,0.0
0.0,0.0,-0.016983185946897354,"{0: 1, 1: 3}",10,1,1,"{'gamma': 1, 'coef0': 10, 'class_weight': {0: 1, 1: 3}, 'degree': 1}",227,0.0,0.0,0.0,0.0,0.0,0.0,-0.17407765595569788,0.0,0.0,0.0,0.0,0.0,0.051652343561437254
0.0015622854232788086,0.0,-0.009608269400375832,"{0: 1, 1: 3}",10,1,10,"{'gamma': 10, 'coef0': 10, 'class_weight': {0: 1, 1: 3}, 'degree': 1}",222,0.0,0.0,0.0,0.0755928946018456,0.0,0.0,-0.17407765595569788,0.0,0.0,0.0,0.004686856269836426,0.0,0.05849415055049566
0.0031250953674316407,0.0,0.056301684567186795,"{0: 1, 1: 3}",10,1,100,"{'gamma': 100, 'coef0': 10, 'class_weight': {0: 1, 1: 3}, 'degree': 1}",174,0.0,0.31180478223116165,0.31180478223116165,0.0755928946018456,0.0,0.0,-0.17407765595569788,0.0,0.0,0.0,0.006250190735772748,0.0,0.1445511800301644
0.0,0.0,-0.016983185946897354,"{0: 1, 1: 3}",10,2,0.1,"{'gamma': 0.1, 'coef0': 10, 'class_weight': {0: 1, 1: 3}, 'degree': 2}",227,0.0,0.0,0.0,0.0,0.0,0.0,-0.17407765595569788,0.0,0.0,0.0,0.0,0.0,0.051652343561437254
0.0,0.0015625715255737304,0.08816230660492692,"{0: 1, 1: 3}",10,2,1,"{'gamma': 1, 'coef0': 10, 'class_weight': {0: 1, 1: 3}, 'degree': 2}",173,0.0,0.31180478223116165,0.0,0.0755928946018456,0.6741998624632429,0.0,-0.17407765595569788,-0.134839972492648,0.12500000000000003,0.0,0.0,0.004687714576721192,0.23164830190175903
0.019206476211547852,0.0,0.2481070378416947,"{0: 1, 1: 3}",10,2,10,"{'gamma': 10, 'coef0': 10, 'class_weight': {0: 1, 1: 3}, 'degree': 2}",82,0.14085904245475292,0.5916079783099615,-0.09759000729485326,-0.028571428571428466,0.6741998624632429,0.6324555320336758,0.25819888974716115,0.3999999999999998,-0.24999999999999992,0.1690308509457033,0.009313776161744136,0.0,0.3049379648180445
1.831831455230713,0.0,0.2209825677155916,"{0: 1, 1: 3}",10,2,100,"{'gamma': 100, 'coef0': 10, 'class_weight': {0: 1, 1: 3}, 'degree': 2}",101,0.6172133998483675,0.6904761904761905,-0.14085904245475292,0.1690308509457033,0.3999999999999998,0.8164965809277259,0.0,-0.20000000000000043,-0.35355339059327373,0.1690308509457033,1.2884494078882436,0.0,0.3824119244706839
0.0,0.0,0.0,"{0: 1, 1: 3}",100,1,0.1,"{'gamma': 0.1, 'coef0': 100, 'class_weight': {0: 1, 1: 3}, 'degree': 1}",188,0.0,0.0,0.0,0.0,0.0,0.0,0.0,0.0,0.0,0.0,0.0,0.0,0.0
0.0015626192092895509,0.0,-0.016983185946897354,"{0: 1, 1: 3}",100,1,1,"{'gamma': 1, 'coef0': 100, 'class_weight': {0: 1, 1: 3}, 'degree': 1}",227,0.0,0.0,0.0,0.0,0.0,0.0,-0.17407765595569788,0.0,0.0,0.0,0.004687857627868652,0.0,0.051652343561437254
0.0015623807907104493,0.0,-0.009608269400375832,"{0: 1, 1: 3}",100,1,10,"{'gamma': 10, 'coef0': 100, 'class_weight': {0: 1, 1: 3}, 'degree': 1}",222,0.0,0.0,0.0,0.0755928946018456,0.0,0.0,-0.17407765595569788,0.0,0.0,0.0,0.004687142372131348,0.0,0.05849415055049566
0.0015625953674316406,0.0,0.056301684567186795,"{0: 1, 1: 3}",100,1,100,"{'gamma': 100, 'coef0': 100, 'class_weight': {0: 1, 1: 3}, 'degree': 1}",174,0.0,0.31180478223116165,0.31180478223116165,0.0755928946018456,0.0,0.0,-0.17407765595569788,0.0,0.0,0.0,0.004687786102294922,0.0,0.1445511800301644
0.0015625,0.0,0.023346707583405478,"{0: 1, 1: 3}",100,2,0.1,"{'gamma': 0.1, 'coef0': 100, 'class_weight': {0: 1, 1: 3}, 'degree': 2}",185,0.0,0.31180478223116165,0.0,0.0755928946018456,0.0,0.0,-0.17407765595569788,0.0,0.0,0.0,0.004687500000000001,0.0,0.11508403519328857
0.004687166213989258,0.0,0.1720593941587522,"{0: 1, 1: 3}",100,2,1,"{'gamma': 1, 'coef0': 100, 'class_weight': {0: 1, 1: 3}, 'degree': 2}",153,0.3947710169758616,0.31180478223116165,0.0,0.0755928946018456,0.6741998624632429,0.0,0.25819888974716115,-0.134839972492648,0.12500000000000003,0.0,0.007159764666606905,0.0,0.2277017750182283
0.04862997531890869,0.0,0.24907742214968237,"{0: 1, 1: 3}",100,2,10,"{'gamma': 10, 'coef0': 100, 'class_weight': {0: 1, 1: 3}, 'degree': 2}",81,0.5070925528371101,0.38575837490522985,0.03289758474798834,-0.028571428571428466,0.6741998624632429,0.6324555320336758,0.1111111111111111,0.3999999999999998,-0.23904572186687872,0.0,0.03897143534057154,0.0,0.29465134239275054
1.765984869003296,9.9945068359375e-05,0.2197487366137089,"{0: 1, 1: 3}",100,2,100,"{'gamma': 100, 'coef0': 100, 'class_weight': {0: 1, 1: 3}, 'degree': 2}",102,0.3947710169758616,0.8571428571428571,0.03289758474798834,0.028571428571428623,0.3999999999999998,0.8164965809277259,0.0,-0.20000000000000043,-0.35355339059327373,0.1690308509457033,1.4783120391829714,0.00029983520507812503,0.38152568527480674
0.0015627384185791016,0.0,0.04160013977670448,"{0: 2, 1: 1}",0,1,0.1,"{'gamma': 0.1, 'coef0': 0, 'class_weight': {0: 2, 1: 1}, 'degree': 1}",180,0.0,0.0,0.0,0.0,0.0,0.0,0.0,0.0,0.4264014327112209,0.0,0.0046882152557373045,0.0,0.12652188574445328
0.0,0.0,0.2955015363107405,"{0: 2, 1: 1}",0,1,1,"{'gamma': 1, 'coef0': 0, 'class_weight': {0: 2, 1: 1}, 'degree': 1}",36,0.5367450401216933,0.50709255283711,0.41475753100312657,0.3779644730092272,-0.0755928946018456,0.5976143046671967,-0.1111111111111111,-0.0755928946018456,0.15811388300841897,0.5773502691896257,0.0,0.0,0.2730316598853442
0.0,0.0,0.31245707741139506,"{0: 2, 1: 1}",0,1,10,"{'gamma': 10, 'coef0': 0, 'class_weight': {0: 2, 1: 1}, 'degree': 1}",24,0.5476190476190476,0.28288947493050187,0.5476190476190476,0.48795003647426655,0.0,0.7071067811865475,-0.19245008972987526,-0.15811388300841905,0.15811388300841897,0.7071067811865475,0.0,0.0,0.3217149683838891
0.0046872377395629885,0.0,0.36036502813029064,"{0: 2, 1: 1}",0,1,100,"{'gamma': 100, 'coef0': 0, 'class_weight': {0: 2, 1: 1}, 'degree': 1}",1,0.8571428571428571,0.28288947493050187,0.5476190476190476,0.48795003647426655,0.0755928946018456,0.8366600265340753,-0.19245008972987526,0.0755928946018456,-0.12499999999999996,0.7071067811865475,0.007159873915786172,0.0,0.3667366224350718
0.0,0.0,0.0,"{0: 2, 1: 1}",0,2,0.1,"{'gamma': 0.1, 'coef0': 0, 'class_weight': {0: 2, 1: 1}, 'degree': 2}",188,0.0,0.0,0.0,0.0,0.0,0.0,0.0,0.0,0.0,0.0,0.0,0.0,0.0
0.0015625953674316406,0.0,0.24463522084794398,"{0: 2, 1: 1}",0,2,1,"{'gamma': 1, 'coef0': 0, 'class_weight': {0: 2, 1: 1}, 'degree': 2}",84,0.380952380952381,0.41475753100312657,0.41475753100312657,0.028571428571428623,0.0,0.7071067811865475,-0.19245008972987526,0.0755928946018456,0.0,0.5773502691896257,0.004687786102294922,0.0,0.2782194552126944
0.017186689376831054,0.0,0.19226593163130348,"{0: 2, 1: 1}",0,2,10,"{'gamma': 10, 'coef0': 0, 'class_weight': {0: 2, 1: 1}, 'degree': 2}",129,0.41475753100312657,0.21957751641342005,0.23809523809523808,-0.1195228609334394,0.15811388300841886,0.4780914437337573,-0.0975900072948533,0.5291502622129184,-0.49999999999999994,0.5773502691896257,0.017745652381574897,0.0,0.3218567440836189
4.340652203559875,0.0,0.21561832867269656,"{0: 2, 1: 1}",0,2,100,"{'gamma': 100, 'coef0': 0, 'class_weight': {0: 2, 1: 1}, 'degree': 2}",106,0.5476190476190476,0.5476190476190476,0.23809523809523808,-0.1195228609334394,0.15811388300841886,0.4780914437337573,0.1111111111111111,0.15811388300841886,-0.5976143046671968,0.5773502691896257,3.319983736173073,0.0,0.34645400360435297
0.0015623807907104493,0.0,0.04160013977670448,"{0: 2, 1: 1}",0.1,1,0.1,"{'gamma': 0.1, 'coef0': 0.1, 'class_weight': {0: 2, 1: 1}, 'degree': 1}",180,0.0,0.0,0.0,0.0,0.0,0.0,0.0,0.0,0.4264014327112209,0.0,0.004687142372131348,0.0,0.12652188574445328
0.0015624284744262696,0.0,0.2955015363107405,"{0: 2, 1: 1}",0.1,1,1,"{'gamma': 1, 'coef0': 0.1, 'class_weight': {0: 2, 1: 1}, 'degree': 1}",36,0.5367450401216933,0.50709255283711,0.41475753100312657,0.3779644730092272,-0.0755928946018456,0.5976143046671967,-0.1111111111111111,-0.0755928946018456,0.15811388300841897,0.5773502691896257,0.004687285423278808,0.0,0.2730316598853442
0.0,0.0,0.31245707741139506,"{0: 2, 1: 1}",0.1,1,10,"{'gamma': 10, 'coef0': 0.1, 'class_weight': {0: 2, 1: 1}, 'degree': 1}",24,0.5476190476190476,0.28288947493050187,0.5476190476190476,0.48795003647426655,0.0,0.7071067811865475,-0.19245008972987526,-0.15811388300841905,0.15811388300841897,0.7071067811865475,0.0,0.0,0.3217149683838891
0.0046874284744262695,0.0,0.36036502813029064,"{0: 2, 1: 1}",0.1,1,100,"{'gamma': 100, 'coef0': 0.1, 'class_weight': {0: 2, 1: 1}, 'degree': 1}",1,0.8571428571428571,0.28288947493050187,0.5476190476190476,0.48795003647426655,0.0755928946018456,0.8366600265340753,-0.19245008972987526,0.0755928946018456,-0.12499999999999996,0.7071067811865475,0.007160165295623633,0.0,0.3667366224350718
0.0,0.0,0.0,"{0: 2, 1: 1}",0.1,2,0.1,"{'gamma': 0.1, 'coef0': 0.1, 'class_weight': {0: 2, 1: 1}, 'degree': 2}",188,0.0,0.0,0.0,0.0,0.0,0.0,0.0,0.0,0.0,0.0,0.0,0.0,0.0
0.0,0.0,0.23484791039382838,"{0: 2, 1: 1}",0.1,2,1,"{'gamma': 1, 'coef0': 0.1, 'class_weight': {0: 2, 1: 1}, 'degree': 2}",87,0.380952380952381,0.41475753100312657,0.41475753100312657,0.028571428571428623,0.0,0.7071067811865475,-0.29277002188455997,0.0755928946018456,0.0,0.5773502691896257,0.0,0.0,0.29469970375413385
0.012499499320983886,0.0015624761581420898,0.1982573776079547,"{0: 2, 1: 1}",0.1,2,10,"{'gamma': 10, 'coef0': 0.1, 'class_weight': {0: 2, 1: 1}, 'degree': 2}",125,0.5476190476190476,0.21957751641342005,0.23809523809523808,-0.1195228609334394,0.0755928946018456,0.4780914437337573,-0.0975900072948533,0.5291502622129184,-0.49999999999999994,0.5773502691896257,0.006249749680444782,0.0046874284744262695,0.3359827183337281
2.517606782913208,0.0,0.18771594674776462,"{0: 2, 1: 1}",0.1,2,100,"{'gamma': 100, 'coef0': 0.1, 'class_weight': {0: 2, 1: 1}, 'degree': 2}",134,0.23809523809523808,0.380952380952381,0.23809523809523808,-0.1195228609334394,0.25819888974716115,0.4780914437337573,0.0,0.5291502622129184,-0.5976143046671968,0.4472135954999579,1.437536503662702,0.0,0.3224191987778494
0.0,0.0,0.04160013977670448,"{0: 2, 1: 1}",1,1,0.1,"{'gamma': 0.1, 'coef0': 1, 'class_weight': {0: 2, 1: 1}, 'degree': 1}",180,0.0,0.0,0.0,0.0,0.0,0.0,0.0,0.0,0.4264014327112209,0.0,0.0,0.0,0.12652188574445328
0.0015626668930053711,0.0,0.2955015363107405,"{0: 2, 1: 1}",1,1,1,"{'gamma': 1, 'coef0': 1, 'class_weight': {0: 2, 1: 1}, 'degree': 1}",36,0.5367450401216933,0.50709255283711,0.41475753100312657,0.3779644730092272,-0.0755928946018456,0.5976143046671967,-0.1111111111111111,-0.0755928946018456,0.15811388300841897,0.5773502691896257,0.004688000679016113,0.0,0.2730316598853442
0.0015624523162841796,0.0,0.31245707741139506,"{0: 2, 1: 1}",1,1,10,"{'gamma': 10, 'coef0': 1, 'class_weight': {0: 2, 1: 1}, 'degree': 1}",24,0.5476190476190476,0.28288947493050187,0.5476190476190476,0.48795003647426655,0.0,0.7071067811865475,-0.19245008972987526,-0.15811388300841905,0.15811388300841897,0.7071067811865475,0.004687356948852538,0.0,0.3217149683838891
0.003124833106994629,0.0,0.36036502813029064,"{0: 2, 1: 1}",1,1,100,"{'gamma': 100, 'coef0': 1, 'class_weight': {0: 2, 1: 1}, 'degree': 1}",1,0.8571428571428571,0.28288947493050187,0.5476190476190476,0.48795003647426655,0.0755928946018456,0.8366600265340753,-0.19245008972987526,0.0755928946018456,-0.12499999999999996,0.7071067811865475,0.006249666214216644,0.0,0.3667366224350718
0.0015624523162841796,0.0,0.3283481388744078,"{0: 2, 1: 1}",1,2,0.1,"{'gamma': 0.1, 'coef0': 1, 'class_weight': {0: 2, 1: 1}, 'degree': 2}",9,0.5916079783099616,0.39477101697586137,0.39477101697586137,0.3779644730092272,-0.15811388300841905,0.5,0.17407765595569785,-0.15811388300841905,0.4264014327112209,0.7071067811865475,0.004687356948852538,0.0,0.27350110022678126
0.0,0.0,0.2968035521001417,"{0: 2, 1: 1}",1,2,1,"{'gamma': 1, 'coef0': 1, 'class_weight': {0: 2, 1: 1}, 'degree': 2}",35,0.5476190476190476,0.41475753100312657,0.41475753100312657,0.028571428571428623,0.0,0.8366600265340753,-0.0975900072948533,0.0755928946018456,0.0,0.7071067811865475,0.0,0.0,0.31401464565828985
0.01531374454498291,0.0,0.187282996900863,"{0: 2, 1: 1}",1,2,10,"{'gamma': 10, 'coef0': 1, 'class_weight': {0: 2, 1: 1}, 'degree': 2}",135,0.5476190476190476,0.380952380952381,0.23809523809523808,-0.1195228609334394,0.0755928946018456,0.4780914437337573,0.0,0.5291502622129184,-0.49999999999999994,0.19245008972987526,0.0146926605132047,0.0,0.3122849849782729
1.3763501167297363,0.0,0.24973438669844528,"{0: 2, 1: 1}",1,2,100,"{'gamma': 100, 'coef0': 1, 'class_weight': {0: 2, 1: 1}, 'degree': 2}",79,0.2828894749305017,0.380952380952381,-0.07142857142857145,-0.1195228609334394,0.25819888974716115,0.625,0.0,0.447213595499958,0.0,0.7071067811865475,0.41377163420605567,0.0,0.2761678362220751
0.0015625953674316406,0.0,0.04160013977670448,"{0: 2, 1: 1}",10,1,0.1,"{'gamma': 0.1, 'coef0': 10, 'class_weight': {0: 2, 1: 1}, 'degree': 1}",180,0.0,0.0,0.0,0.0,0.0,0.0,0.0,0.0,0.4264014327112209,0.0,0.004687786102294922,0.0,0.12652188574445328
0.0,0.0,0.2955015363107405,"{0: 2, 1: 1}",10,1,1,"{'gamma': 1, 'coef0': 10, 'class_weight': {0: 2, 1: 1}, 'degree': 1}",36,0.5367450401216933,0.50709255283711,0.41475753100312657,0.3779644730092272,-0.0755928946018456,0.5976143046671967,-0.1111111111111111,-0.0755928946018456,0.15811388300841897,0.5773502691896257,0.0,0.0,0.2730316598853442
0.0,0.001562356948852539,0.31245707741139506,"{0: 2, 1: 1}",10,1,10,"{'gamma': 10, 'coef0': 10, 'class_weight': {0: 2, 1: 1}, 'degree': 1}",24,0.5476190476190476,0.28288947493050187,0.5476190476190476,0.48795003647426655,0.0,0.7071067811865475,-0.19245008972987526,-0.15811388300841905,0.15811388300841897,0.7071067811865475,0.0,0.004687070846557617,0.3217149683838891
0.003124690055847168,0.0011005163192749023,0.36036502813029064,"{0: 2, 1: 1}",10,1,100,"{'gamma': 100, 'coef0': 10, 'class_weight': {0: 2, 1: 1}, 'degree': 1}",1,0.8571428571428571,0.28288947493050187,0.5476190476190476,0.48795003647426655,0.0755928946018456,0.8366600265340753,-0.19245008972987526,0.0755928946018456,-0.12499999999999996,0.7071067811865475,0.006249380122836751,0.0033015489578247068,0.3667366224350718
0.0,0.0,0.35488558449509316,"{0: 2, 1: 1}",10,2,0.1,"{'gamma': 0.1, 'coef0': 10, 'class_weight': {0: 2, 1: 1}, 'degree': 2}",6,0.380952380952381,0.50709255283711,0.5476190476190476,0.48795003647426655,-0.0755928946018456,0.7071067811865475,0.09759000729485333,0.0,0.15811388300841897,0.7071067811865475,0.0,0.0,0.2701538229546008
0.001562809944152832,0.0015624761581420898,0.30329535538094193,"{0: 2, 1: 1}",10,2,1,"{'gamma': 1, 'coef0': 10, 'class_weight': {0: 2, 1: 1}, 'degree': 2}",34,0.41475753100312657,0.41475753100312657,0.41475753100312657,0.23904572186687864,0.0,0.8366600265340753,-0.0975900072948533,0.0755928946018456,0.0,0.7071067811865475,0.004688429832458496,0.0046874284744262695,0.29443299610092266
0.01779780387878418,0.0,0.1922431492691705,"{0: 2, 1: 1}",10,2,10,"{'gamma': 10, 'coef0': 10, 'class_weight': {0: 2, 1: 1}, 'degree': 2}",130,0.41475753100312657,0.41475753100312657,-0.09759000729485326,-0.1195228609334394,0.25819888974716115,0.625,0.0,0.0755928946018456,-0.23904572186687872,0.5773502691896257,0.012238273558734011,0.0,0.2916713703533655
2.0700824737548826,0.0,0.21952538318779347,"{0: 2, 1: 1}",10,2,100,"{'gamma': 100, 'coef0': 10, 'class_weight': {0: 2, 1: 1}, 'degree': 2}",105,0.41475753100312657,0.5476190476190476,-0.09759000729485326,0.028571428571428623,0.25819888974716115,0.4780914437337573,-0.0975900072948533,0.3779644730092272,-0.23904572186687872,0.50709255283711,2.5916565796035838,0.0,0.2776755540897058
0.001562643051147461,0.0,0.04160013977670448,"{0: 2, 1: 1}",100,1,0.1,"{'gamma': 0.1, 'coef0': 100, 'class_weight': {0: 2, 1: 1}, 'degree': 1}",180,0.0,0.0,0.0,0.0,0.0,0.0,0.0,0.0,0.4264014327112209,0.0,0.0046879291534423825,0.0,0.12652188574445328
0.0,0.0015626192092895509,0.2955015363107405,"{0: 2, 1: 1}",100,1,1,"{'gamma': 1, 'coef0': 100, 'class_weight': {0: 2, 1: 1}, 'degree': 1}",36,0.5367450401216933,0.50709255283711,0.41475753100312657,0.3779644730092272,-0.0755928946018456,0.5976143046671967,-0.1111111111111111,-0.0755928946018456,0.15811388300841897,0.5773502691896257,0.0,0.004687857627868652,0.2730316598853442
0.0015623807907104493,0.0,0.31245707741139506,"{0: 2, 1: 1}",100,1,10,"{'gamma': 10, 'coef0': 100, 'class_weight': {0: 2, 1: 1}, 'degree': 1}",24,0.5476190476190476,0.28288947493050187,0.5476190476190476,0.48795003647426655,0.0,0.7071067811865475,-0.19245008972987526,-0.15811388300841905,0.15811388300841897,0.7071067811865475,0.004687142372131348,0.0,0.3217149683838891
0.0015625,0.0,0.36036502813029064,"{0: 2, 1: 1}",100,1,100,"{'gamma': 100, 'coef0': 100, 'class_weight': {0: 2, 1: 1}, 'degree': 1}",1,0.8571428571428571,0.28288947493050187,0.5476190476190476,0.48795003647426655,0.0755928946018456,0.8366600265340753,-0.19245008972987526,0.0755928946018456,-0.12499999999999996,0.7071067811865475,0.004687500000000001,0.0,0.3667366224350718
0.0,0.0,0.34772568712077573,"{0: 2, 1: 1}",100,2,0.1,"{'gamma': 0.1, 'coef0': 100, 'class_weight': {0: 2, 1: 1}, 'degree': 2}",7,0.8571428571428571,0.28288947493050187,0.5476190476190476,0.48795003647426655,0.0755928946018456,0.7071067811865475,-0.19245008972987526,0.0755928946018456,-0.12499999999999996,0.7071067811865475,0.0,0.0,0.352041695156785
0.003124856948852539,0.0,0.27806137325472635,"{0: 2, 1: 1}",100,2,1,"{'gamma': 1, 'coef0': 100, 'class_weight': {0: 2, 1: 1}, 'degree': 2}",55,0.41475753100312657,0.23809523809523808,0.28288947493050187,0.23904572186687864,0.0755928946018456,0.8366600265340753,-0.0975900072948533,0.0755928946018456,0.0,0.7071067811865475,0.006249713901343224,0.0,0.2828517392973946
0.05282905101776123,0.00019996166229248048,0.24742067818555794,"{0: 2, 1: 1}",100,2,10,"{'gamma': 10, 'coef0': 100, 'class_weight': {0: 2, 1: 1}, 'degree': 2}",83,0.6172133998483675,0.5476190476190476,-0.07142857142857145,-0.1195228609334394,0.3999999999999998,0.625,-0.0975900072948533,0.0755928946018456,-0.23904572186687872,0.7071067811865475,0.033414896949963524,0.0003999233565655131,0.34962283446725806
1.5531603574752808,0.00010247230529785157,0.22460696387860563,"{0: 2, 1: 1}",100,2,100,"{'gamma': 100, 'coef0': 100, 'class_weight': {0: 2, 1: 1}, 'degree': 2}",99,0.2828894749305017,0.5476190476190476,-0.2828894749305017,0.028571428571428623,0.25819888974716115,0.625,0.0,0.5291502622129184,-0.23904572186687872,0.50709255283711,0.7699119773034095,0.0002990877175779328,0.31754647500813243
0.0006995916366577149,9.996891021728516e-05,0.0,"{0: 3, 1: 1}",0,1,0.1,"{'gamma': 0.1, 'coef0': 0, 'class_weight': {0: 3, 1: 1}, 'degree': 1}",188,0.0,0.0,0.0,0.0,0.0,0.0,0.0,0.0,0.0,0.0,0.0004579902878997478,0.0002999067306518555,0.0
0.0007994890213012696,9.9945068359375e-05,0.32665979065228096,"{0: 3, 1: 1}",0,1,1,"{'gamma': 1, 'coef0': 0, 'class_weight': {0: 3, 1: 1}, 'degree': 1}",10,0.5916079783099616,0.50709255283711,0.39477101697586137,0.3779644730092272,-0.0755928946018456,0.40824829046386296,0.17407765595569785,-0.15811388300841905,0.4264014327112209,0.5773502691896257,0.00039974455242169845,0.00029983520507812503,0.2456487799664363
0.0010993003845214844,9.992122650146485e-05,0.3117137931018954,"{0: 3, 1: 1}",0,1,10,"{'gamma': 10, 'coef0': 0, 'class_weight': {0: 3, 1: 1}, 'degree': 1}",29,0.38575837490522974,0.50709255283711,0.5476190476190476,0.48795003647426655,-0.15811388300841905,0.5976143046671967,0.0,-0.15811388300841905,0.15811388300841897,0.7071067811865475,0.0005381498673270479,0.0002997636795043946,0.30266309919698076
0.0021736621856689453,0.0,0.32388565264040986,"{0: 3, 1: 1}",0,1,100,"{'gamma': 100, 'coef0': 0, 'class_weight': {0: 3, 1: 1}, 'degree': 1}",16,0.6904761904761905,0.50709255283711,0.5476190476190476,0.48795003647426655,-0.15811388300841905,0.5976143046671967,0.0,-0.0755928946018456,0.0,0.5773502691896257,0.004576063799830968,0.0,0.3129679836356217
0.0015623807907104493,0.0,0.0,"{0: 3, 1: 1}",0,2,0.1,"{'gamma': 0.1, 'coef0': 0, 'class_weight': {0: 3, 1: 1}, 'degree': 2}",188,0.0,0.0,0.0,0.0,0.0,0.0,0.0,0.0,0.0,0.0,0.004687142372131348,0.0,0.0
0.0016829729080200194,0.0,0.21953493331625643,"{0: 3, 1: 1}",0,2,1,"{'gamma': 1, 'coef0': 0, 'class_weight': {0: 3, 1: 1}, 'degree': 2}",103,0.380952380952381,0.50709255283711,-0.03289758474798842,0.0975900072948533,-0.0755928946018456,0.40824829046386296,0.0,0.3162277660168379,0.0,0.5773502691896257,0.004707994446525121,0.0,0.2333626172784857
0.019499850273132325,0.0,0.1576330833014199,"{0: 3, 1: 1}",0,2,10,"{'gamma': 10, 'coef0': 0, 'class_weight': {0: 3, 1: 1}, 'degree': 2}",164,0.5476190476190476,0.23809523809523808,0.23809523809523808,-0.1195228609334394,0.0755928946018456,0.4780914437337573,-0.29277002188455997,0.15811388300841886,-0.49999999999999994,0.7071067811865475,0.006016491500179004,0.0,0.35644530373273053
2.264510989189148,0.00010008811950683594,0.17897827837411057,"{0: 3, 1: 1}",0,2,100,"{'gamma': 100, 'coef0': 0, 'class_weight': {0: 3, 1: 1}, 'degree': 2}",150,0.380952380952381,0.23809523809523808,0.23809523809523808,-0.1195228609334394,0.25819888974716115,0.23904572186687864,0.2927700218845599,0.15811388300841886,-0.49999999999999994,0.5773502691896257,0.9234180788708567,0.0003002643585205078,0.27653741621082556
0.0,0.0,0.0,"{0: 3, 1: 1}",0.1,1,0.1,"{'gamma': 0.1, 'coef0': 0.1, 'class_weight': {0: 3, 1: 1}, 'degree': 1}",188,0.0,0.0,0.0,0.0,0.0,0.0,0.0,0.0,0.0,0.0,0.0,0.0,0.0
0.0015624523162841796,0.0,0.32665979065228096,"{0: 3, 1: 1}",0.1,1,1,"{'gamma': 1, 'coef0': 0.1, 'class_weight': {0: 3, 1: 1}, 'degree': 1}",10,0.5916079783099616,0.50709255283711,0.39477101697586137,0.3779644730092272,-0.0755928946018456,0.40824829046386296,0.17407765595569785,-0.15811388300841905,0.4264014327112209,0.5773502691896257,0.004687356948852538,0.0,0.2456487799664363
0.0015624284744262696,0.0,0.3117137931018954,"{0: 3, 1: 1}",0.1,1,10,"{'gamma': 10, 'coef0': 0.1, 'class_weight': {0: 3, 1: 1}, 'degree': 1}",29,0.38575837490522974,0.50709255283711,0.5476190476190476,0.48795003647426655,-0.15811388300841905,0.5976143046671967,0.0,-0.15811388300841905,0.15811388300841897,0.7071067811865475,0.004687285423278808,0.0,0.30266309919698076
0.00410306453704834,0.0,0.32388565264040986,"{0: 3, 1: 1}",0.1,1,100,"{'gamma': 100, 'coef0': 0.1, 'class_weight': {0: 3, 1: 1}, 'degree': 1}",16,0.6904761904761905,0.50709255283711,0.5476190476190476,0.48795003647426655,-0.15811388300841905,0.5976143046671967,0.0,-0.0755928946018456,0.0,0.5773502691896257,0.00469154906063831,0.0,0.3129679836356217
0.0006995439529418945,9.9945068359375e-05,0.0,"{0: 3, 1: 1}",0.1,2,0.1,"{'gamma': 0.1, 'coef0': 0.1, 'class_weight': {0: 3, 1: 1}, 'degree': 2}",188,0.0,0.0,0.0,0.0,0.0,0.0,0.0,0.0,0.0,0.0,0.000457959039666463,0.00029983520507812503,0.0
0.00019989013671875,9.9945068359375e-05,0.21953493331625643,"{0: 3, 1: 1}",0.1,2,1,"{'gamma': 1, 'coef0': 0.1, 'class_weight': {0: 3, 1: 1}, 'degree': 2}",103,0.380952380952381,0.50709255283711,-0.03289758474798842,0.0975900072948533,-0.0755928946018456,0.40824829046386296,0.0,0.3162277660168379,0.0,0.5773502691896257,0.00039978027343749993,0.00029983520507812503,0.2333626172784857
0.01693134307861328,4.887580871582031e-06,0.1166963733089873,"{0: 3, 1: 1}",0.1,2,10,"{'gamma': 10, 'coef0': 0.1, 'class_weight': {0: 3, 1: 1}, 'degree': 2}",169,0.5476190476190476,0.07142857142857145,0.23809523809523808,-0.1195228609334394,0.0755928946018456,0.23904572186687864,-0.29277002188455997,0.15811388300841886,-0.49999999999999994,0.7071067811865475,0.00901656005982081,1.4662742614746094e-05,0.3407438111791262
2.3958343267440796,0.0,0.17293990495836592,"{0: 3, 1: 1}",0.1,2,100,"{'gamma': 100, 'coef0': 0.1, 'class_weight': {0: 3, 1: 1}, 'degree': 2}",152,0.380952380952381,0.23809523809523808,0.23809523809523808,-0.1195228609334394,0.15811388300841886,0.23904572186687864,0.1111111111111111,0.3779644730092272,-0.49999999999999994,0.5773502691896257,0.9855202752036644,0.0,0.2808438361574922
0.0,0.0,0.0,"{0: 3, 1: 1}",1,1,0.1,"{'gamma': 0.1, 'coef0': 1, 'class_weight': {0: 3, 1: 1}, 'degree': 1}",188,0.0,0.0,0.0,0.0,0.0,0.0,0.0,0.0,0.0,0.0,0.0,0.0,0.0
0.0,0.0,0.32665979065228096,"{0: 3, 1: 1}",1,1,1,"{'gamma': 1, 'coef0': 1, 'class_weight': {0: 3, 1: 1}, 'degree': 1}",10,0.5916079783099616,0.50709255283711,0.39477101697586137,0.3779644730092272,-0.0755928946018456,0.40824829046386296,0.17407765595569785,-0.15811388300841905,0.4264014327112209,0.5773502691896257,0.0,0.0,0.2456487799664363
0.0,0.0015622854232788086,0.3117137931018954,"{0: 3, 1: 1}",1,1,10,"{'gamma': 10, 'coef0': 1, 'class_weight': {0: 3, 1: 1}, 'degree': 1}",29,0.38575837490522974,0.50709255283711,0.5476190476190476,0.48795003647426655,-0.15811388300841905,0.5976143046671967,0.0,-0.15811388300841905,0.15811388300841897,0.7071067811865475,0.0,0.004686856269836426,0.30266309919698076
0.0036321640014648437,9.996891021728516e-05,0.32388565264040986,"{0: 3, 1: 1}",1,1,100,"{'gamma': 100, 'coef0': 1, 'class_weight': {0: 3, 1: 1}, 'degree': 1}",16,0.6904761904761905,0.50709255283711,0.5476190476190476,0.48795003647426655,-0.15811388300841905,0.5976143046671967,0.0,-0.0755928946018456,0.0,0.5773502691896257,0.006824903566956516,0.00029990673065185544,0.3129679836356217
0.000699615478515625,0.00019989013671875,0.20194246604209595,"{0: 3, 1: 1}",1,2,0.1,"{'gamma': 0.1, 'coef0': 1, 'class_weight': {0: 3, 1: 1}, 'degree': 2}",117,0.4605661864718382,0.39477101697586137,0.0,0.0,0.1348399724926484,0.0,0.0,0.1348399724926484,0.4264014327112209,0.4472135954999579,0.00045800589073864326,0.000399780287656165,0.19725140105880856
0.0005038022994995117,0.0,0.2570451726725927,"{0: 3, 1: 1}",1,2,1,"{'gamma': 1, 'coef0': 1, 'class_weight': {0: 3, 1: 1}, 'degree': 2}",75,0.380952380952381,0.50709255283711,0.28288947493050187,0.0975900072948533,-0.0755928946018456,0.5,-0.1111111111111111,0.3779644730092272,0.0,0.5773502691896257,0.0005039361914642341,0.0,0.24174551930820454
0.015624403953552246,0.0,0.2013434756606048,"{0: 3, 1: 1}",1,2,10,"{'gamma': 10, 'coef0': 1, 'class_weight': {0: 3, 1: 1}, 'degree': 2}",118,0.23809523809523808,0.41475753100312657,0.23809523809523808,-0.1195228609334394,0.0755928946018456,0.35355339059327373,0.19245008972987526,0.25819888974716115,-0.23904572186687872,0.5773502691896257,0.013974678542110432,0.0,0.2280006801437259
1.8279998064041139,0.0,0.2515293970741492,"{0: 3, 1: 1}",1,2,100,"{'gamma': 100, 'coef0': 1, 'class_weight': {0: 3, 1: 1}, 'degree': 2}",77,0.5476190476190476,0.21957751641342005,0.07142857142857145,-0.1195228609334394,0.15811388300841886,0.35355339059327373,0.19245008972987526,0.3779644730092272,0.0,0.7071067811865475,0.8016836499041763,0.0,0.23753393301925912
0.0,0.0,0.0,"{0: 3, 1: 1}",10,1,0.1,"{'gamma': 0.1, 'coef0': 10, 'class_weight': {0: 3, 1: 1}, 'degree': 1}",188,0.0,0.0,0.0,0.0,0.0,0.0,0.0,0.0,0.0,0.0,0.0,0.0,0.0
0.0,0.0,0.32665979065228096,"{0: 3, 1: 1}",10,1,1,"{'gamma': 1, 'coef0': 10, 'class_weight': {0: 3, 1: 1}, 'degree': 1}",10,0.5916079783099616,0.50709255283711,0.39477101697586137,0.3779644730092272,-0.0755928946018456,0.40824829046386296,0.17407765595569785,-0.15811388300841905,0.4264014327112209,0.5773502691896257,0.0,0.0,0.2456487799664363
0.001562356948852539,0.0,0.3117137931018954,"{0: 3, 1: 1}",10,1,10,"{'gamma': 10, 'coef0': 10, 'class_weight': {0: 3, 1: 1}, 'degree': 1}",29,0.38575837490522974,0.50709255283711,0.5476190476190476,0.48795003647426655,-0.15811388300841905,0.5976143046671967,0.0,-0.15811388300841905,0.15811388300841897,0.7071067811865475,0.004687070846557617,0.0,0.30266309919698076
0.004687094688415527,0.0,0.32388565264040986,"{0: 3, 1: 1}",10,1,100,"{'gamma': 100, 'coef0': 10, 'class_weight': {0: 3, 1: 1}, 'degree': 1}",16,0.6904761904761905,0.50709255283711,0.5476190476190476,0.48795003647426655,-0.15811388300841905,0.5976143046671967,0.0,-0.0755928946018456,0.0,0.5773502691896257,0.007159655403136947,0.0,0.3129679836356217
0.0015625476837158204,0.0,0.324113594638654,"{0: 3, 1: 1}",10,2,0.1,"{'gamma': 0.1, 'coef0': 10, 'class_weight': {0: 3, 1: 1}, 'degree': 2}",15,0.5916079783099616,0.50709255283711,0.14085904245475275,0.48795003647426655,-0.15811388300841905,0.5,0.17407765595569785,-0.15811388300841905,0.4264014327112209,0.7071067811865475,0.00468764305114746,0.0,0.28842560466088313
0.0,0.001562952995300293,0.3176458854717419,"{0: 3, 1: 1}",10,2,1,"{'gamma': 1, 'coef0': 10, 'class_weight': {0: 3, 1: 1}, 'degree': 2}",22,0.380952380952381,0.50709255283711,0.28288947493050187,0.0975900072948533,0.0,0.7071067811865475,0.09759000729485333,0.3779644730092272,0.0,0.7071067811865475,0.0,0.004688858985900879,0.25185674344212217
0.011237406730651855,0.0,0.23953032473486208,"{0: 3, 1: 1}",10,2,10,"{'gamma': 10, 'coef0': 10, 'class_weight': {0: 3, 1: 1}, 'degree': 2}",85,0.41475753100312657,0.23809523809523808,0.09759000729485326,-0.1195228609334394,0.0755928946018456,0.4780914437337573,0.2927700218845599,0.447213595499958,-0.23904572186687872,0.7071067811865475,0.012725465433289802,0.0,0.27255380389987244
1.3731539011001588,0.00010786056518554687,0.23008951213591836,"{0: 3, 1: 1}",10,2,100,"{'gamma': 100, 'coef0': 10, 'class_weight': {0: 3, 1: 1}, 'degree': 2}",98,0.2828894749305017,0.21957751641342005,-0.09759000729485326,0.028571428571428623,0.25819888974716115,0.625,0.2927700218845599,0.447213595499958,-0.23904572186687872,0.50709255283711,0.5843858694857523,0.0003068758171457111,0.25465534638827503
0.0,0.0,0.0,"{0: 3, 1: 1}",100,1,0.1,"{'gamma': 0.1, 'coef0': 100, 'class_weight': {0: 3, 1: 1}, 'degree': 1}",188,0.0,0.0,0.0,0.0,0.0,0.0,0.0,0.0,0.0,0.0,0.0,0.0,0.0
0.0,0.0,0.32665979065228096,"{0: 3, 1: 1}",100,1,1,"{'gamma': 1, 'coef0': 100, 'class_weight': {0: 3, 1: 1}, 'degree': 1}",10,0.5916079783099616,0.50709255283711,0.39477101697586137,0.3779644730092272,-0.0755928946018456,0.40824829046386296,0.17407765595569785,-0.15811388300841905,0.4264014327112209,0.5773502691896257,0.0,0.0,0.2456487799664363
0.001562213897705078,0.0,0.3117137931018954,"{0: 3, 1: 1}",100,1,10,"{'gamma': 10, 'coef0': 100, 'class_weight': {0: 3, 1: 1}, 'degree': 1}",29,0.38575837490522974,0.50709255283711,0.5476190476190476,0.48795003647426655,-0.15811388300841905,0.5976143046671967,0.0,-0.15811388300841905,0.15811388300841897,0.7071067811865475,0.0046866416931152345,0.0,0.30266309919698076
0.003124904632568359,0.0015624284744262696,0.32388565264040986,"{0: 3, 1: 1}",100,1,100,"{'gamma': 100, 'coef0': 100, 'class_weight': {0: 3, 1: 1}, 'degree': 1}",16,0.6904761904761905,0.50709255283711,0.5476190476190476,0.48795003647426655,-0.15811388300841905,0.5976143046671967,0.0,-0.0755928946018456,0.0,0.5773502691896257,0.0062498092733224205,0.004687285423278808,0.3129679836356217
0.0015623807907104493,0.0,0.3292855975605712,"{0: 3, 1: 1}",100,2,0.1,"{'gamma': 0.1, 'coef0': 100, 'class_weight': {0: 3, 1: 1}, 'degree': 2}",8,0.38575837490522974,0.50709255283711,0.5476190476190476,0.48795003647426655,-0.15811388300841905,0.5976143046671967,0.09759000729485333,-0.0755928946018456,0.15811388300841897,0.7071067811865475,0.004687142372131348,0.0,0.28176063371643895
0.003124690055847168,0.0,0.290025944927917,"{0: 3, 1: 1}",100,2,1,"{'gamma': 1, 'coef0': 100, 'class_weight': {0: 3, 1: 1}, 'degree': 2}",46,0.380952380952381,0.50709255283711,0.28288947493050187,0.0975900072948533,0.0,0.7071067811865475,0.19245008972987526,0.0,0.0,0.7071067811865475,0.0062493801173792414,0.0,0.2626073383046736
0.0481224775314331,0.00010001659393310547,0.20871331511078003,"{0: 3, 1: 1}",100,2,10,"{'gamma': 10, 'coef0': 100, 'class_weight': {0: 3, 1: 1}, 'degree': 2}",113,0.2828894749305017,0.23809523809523808,0.07142857142857145,0.028571428571428623,0.0755928946018456,0.4780914437337573,0.0,0.447213595499958,-0.23904572186687872,0.7071067811865475,0.022305410041654584,0.0003000497817993164,0.2612125754959057
1.6085098743438722,0.0,0.259113345919283,"{0: 3, 1: 1}",100,2,100,"{'gamma': 100, 'coef0': 100, 'class_weight': {0: 3, 1: 1}, 'degree': 2}",74,0.41475753100312657,0.5476190476190476,-0.2828894749305017,0.028571428571428623,0.25819888974716115,0.625,0.2927700218845599,0.447213595499958,-0.23904572186687872,0.50709255283711,0.8522703548536142,0.0,0.3072866982125487
